-- MySQL dump 10.13  Distrib 8.0.36, for Linux (x86_64)
--
-- Host: localhost    Database: comments
-- ------------------------------------------------------
-- Server version	8.0.36-0ubuntu0.22.04.1

/*!40101 SET @OLD_CHARACTER_SET_CLIENT=@@CHARACTER_SET_CLIENT */;
/*!40101 SET @OLD_CHARACTER_SET_RESULTS=@@CHARACTER_SET_RESULTS */;
/*!40101 SET @OLD_COLLATION_CONNECTION=@@COLLATION_CONNECTION */;
/*!50503 SET NAMES utf8mb4 */;
/*!40103 SET @OLD_TIME_ZONE=@@TIME_ZONE */;
/*!40103 SET TIME_ZONE='+00:00' */;
/*!40014 SET @OLD_UNIQUE_CHECKS=@@UNIQUE_CHECKS, UNIQUE_CHECKS=0 */;
/*!40014 SET @OLD_FOREIGN_KEY_CHECKS=@@FOREIGN_KEY_CHECKS, FOREIGN_KEY_CHECKS=0 */;
/*!40101 SET @OLD_SQL_MODE=@@SQL_MODE, SQL_MODE='NO_AUTO_VALUE_ON_ZERO' */;
/*!40111 SET @OLD_SQL_NOTES=@@SQL_NOTES, SQL_NOTES=0 */;

--
-- Table structure for table `comments`
--

DROP TABLE IF EXISTS `comments`;
/*!40101 SET @saved_cs_client     = @@character_set_client */;
/*!50503 SET character_set_client = utf8mb4 */;
CREATE TABLE `comments` (
  `id` bigint unsigned NOT NULL AUTO_INCREMENT,
  `user_id` bigint unsigned NOT NULL,
  `parent_id` bigint unsigned DEFAULT NULL,
  `user_name` varchar(255) COLLATE utf8mb4_unicode_ci NOT NULL,
  `home_page` varchar(255) COLLATE utf8mb4_unicode_ci DEFAULT NULL,
  `text` text COLLATE utf8mb4_unicode_ci NOT NULL,
  `created_at` timestamp NULL DEFAULT NULL,
  `updated_at` timestamp NULL DEFAULT NULL,
  PRIMARY KEY (`id`),
  KEY `comments_user_id_foreign` (`user_id`),
  KEY `comments_parent_id_foreign` (`parent_id`),
  CONSTRAINT `comments_parent_id_foreign` FOREIGN KEY (`parent_id`) REFERENCES `comments` (`id`) ON DELETE CASCADE,
  CONSTRAINT `comments_user_id_foreign` FOREIGN KEY (`user_id`) REFERENCES `users` (`id`) ON DELETE CASCADE
) ENGINE=InnoDB AUTO_INCREMENT=1001 DEFAULT CHARSET=utf8mb4 COLLATE=utf8mb4_unicode_ci;
/*!40101 SET character_set_client = @saved_cs_client */;

--
-- Dumping data for table `comments`
--

LOCK TABLES `comments` WRITE;
/*!40000 ALTER TABLE `comments` DISABLE KEYS */;
INSERT INTO `comments` VALUES (1,1,NULL,'0YmBEoNCJ1 (userEmail_1@gmail.com)','oKARyVDhoo@gmail.com','1/1','2024-04-19 07:40:54','2024-04-19 07:40:54'),(2,1,1,'aEJVHFb9Ki (userEmail_1@gmail.com)','vOmYjytOCQ@gmail.com','1/1/1','2024-04-19 07:40:54','2024-04-19 07:40:54'),(3,1,1,'MA3JsfGV3U (userEmail_1@gmail.com)','xR9vhNiRo9@gmail.com','1/1/2','2024-04-19 07:40:54','2024-04-19 07:40:54'),(4,1,3,'K8ZhPhF7t3 (userEmail_1@gmail.com)','w8ZGMnusvV@gmail.com','1/1/2/1','2024-04-19 07:40:54','2024-04-19 07:40:54'),(5,1,NULL,'uNt1WlhbPq (userEmail_1@gmail.com)','bbfStcknfr@gmail.com','2/1','2024-04-19 07:40:54','2024-04-19 07:40:54'),(6,1,5,'N8h00o7OjG (userEmail_1@gmail.com)','vigF5V1AEa@gmail.com','2/1/1','2024-04-19 07:40:54','2024-04-19 07:40:54'),(7,1,5,'ytKrVLAlL3 (userEmail_1@gmail.com)','mJ4AYZ7nod@gmail.com','2/1/2','2024-04-19 07:40:54','2024-04-19 07:40:54'),(8,1,7,'udQil9eUYi (userEmail_1@gmail.com)','xmcnxEzMqe@gmail.com','2/1/2/1','2024-04-19 07:40:54','2024-04-19 07:40:54'),(9,1,NULL,'Ck6nX61nPr (userEmail_1@gmail.com)','cfSg6G1RDG@gmail.com','3/1','2024-04-19 07:40:54','2024-04-19 07:40:54'),(10,1,9,'eSHKkDUnRf (userEmail_1@gmail.com)','0MVtRsqOXd@gmail.com','3/1/1','2024-04-19 07:40:54','2024-04-19 07:40:54'),(11,1,9,'XhTOlcu397 (userEmail_1@gmail.com)','zvcyV6frjJ@gmail.com','3/1/2','2024-04-19 07:40:54','2024-04-19 07:40:54'),(12,1,11,'pialo8iVmI (userEmail_1@gmail.com)','NpcklPGeW2@gmail.com','3/1/2/1','2024-04-19 07:40:54','2024-04-19 07:40:54'),(13,1,NULL,'xnuWTHoG6Q (userEmail_1@gmail.com)','bcHDq1cis9@gmail.com','4/1','2024-04-19 07:40:54','2024-04-19 07:40:54'),(14,1,13,'XvcCsFsO9k (userEmail_1@gmail.com)','9rACNenDgL@gmail.com','4/1/1','2024-04-19 07:40:54','2024-04-19 07:40:54'),(15,1,13,'jgQ48apI41 (userEmail_1@gmail.com)','Tg3YjgYTJT@gmail.com','4/1/2','2024-04-19 07:40:54','2024-04-19 07:40:54'),(16,1,15,'bJQDYOwkY4 (userEmail_1@gmail.com)','mGXlDKjPiD@gmail.com','4/1/2/1','2024-04-19 07:40:54','2024-04-19 07:40:54'),(17,1,NULL,'zh4HV0FR0H (userEmail_1@gmail.com)','iwybpxJnea@gmail.com','5/1','2024-04-19 07:40:54','2024-04-19 07:40:54'),(18,1,17,'dtgMS6hU92 (userEmail_1@gmail.com)','qcY9HAerte@gmail.com','5/1/1','2024-04-19 07:40:55','2024-04-19 07:40:55'),(19,1,17,'9kOFRK79Yp (userEmail_1@gmail.com)','2bNoQr0lPg@gmail.com','5/1/2','2024-04-19 07:40:55','2024-04-19 07:40:55'),(20,1,19,'cnfTEqESeT (userEmail_1@gmail.com)','c4RnBKIThY@gmail.com','5/1/2/1','2024-04-19 07:40:55','2024-04-19 07:40:55'),(21,2,NULL,'FGwPzMkPV7 (userEmail_2@gmail.com)','9idwv6VGSx@gmail.com','1/1','2024-04-19 07:40:55','2024-04-19 07:40:55'),(22,2,21,'v5v57LGC3F (userEmail_2@gmail.com)','pbNvYA2QTC@gmail.com','1/1/1','2024-04-19 07:40:55','2024-04-19 07:40:55'),(23,2,21,'bKfZfLY9ZO (userEmail_2@gmail.com)','U6Yc8jun10@gmail.com','1/1/2','2024-04-19 07:40:55','2024-04-19 07:40:55'),(24,2,23,'gZHSDR1pkV (userEmail_2@gmail.com)','fzVFOnZghv@gmail.com','1/1/2/1','2024-04-19 07:40:55','2024-04-19 07:40:55'),(25,2,NULL,'p8DTmNfYEE (userEmail_2@gmail.com)','BYjkI8TZuq@gmail.com','2/1','2024-04-19 07:40:55','2024-04-19 07:40:55'),(26,2,25,'o3nAFgwNGT (userEmail_2@gmail.com)','5b714jC03D@gmail.com','2/1/1','2024-04-19 07:40:55','2024-04-19 07:40:55'),(27,2,25,'jxDMe9aiyy (userEmail_2@gmail.com)','90Y1Xh3nAr@gmail.com','2/1/2','2024-04-19 07:40:55','2024-04-19 07:40:55'),(28,2,27,'PJokF8QSeT (userEmail_2@gmail.com)','q3UaXnc8dh@gmail.com','2/1/2/1','2024-04-19 07:40:55','2024-04-19 07:40:55'),(29,2,NULL,'F5Rw31Eo5z (userEmail_2@gmail.com)','HbfLX34xdq@gmail.com','3/1','2024-04-19 07:40:55','2024-04-19 07:40:55'),(30,2,29,'92FqYXUMh1 (userEmail_2@gmail.com)','OTFJuXzOfL@gmail.com','3/1/1','2024-04-19 07:40:55','2024-04-19 07:40:55'),(31,2,29,'SgKf9eKwUR (userEmail_2@gmail.com)','nbsZRWojxF@gmail.com','3/1/2','2024-04-19 07:40:55','2024-04-19 07:40:55'),(32,2,31,'zT8HpnUX1k (userEmail_2@gmail.com)','cHRxQTruEH@gmail.com','3/1/2/1','2024-04-19 07:40:55','2024-04-19 07:40:55'),(33,2,NULL,'jvTFshQbsv (userEmail_2@gmail.com)','mpAF0hGyZD@gmail.com','4/1','2024-04-19 07:40:55','2024-04-19 07:40:55'),(34,2,33,'DIkFzuyru1 (userEmail_2@gmail.com)','CHn8y2hhX6@gmail.com','4/1/1','2024-04-19 07:40:55','2024-04-19 07:40:55'),(35,2,33,'pCiLP9xeV0 (userEmail_2@gmail.com)','7nhINfTdTH@gmail.com','4/1/2','2024-04-19 07:40:55','2024-04-19 07:40:55'),(36,2,35,'WT8CQRw9wM (userEmail_2@gmail.com)','K0bHhq9ssE@gmail.com','4/1/2/1','2024-04-19 07:40:55','2024-04-19 07:40:55'),(37,2,NULL,'ZlkxEuxUsm (userEmail_2@gmail.com)','DZHrhzrCSA@gmail.com','5/1','2024-04-19 07:40:55','2024-04-19 07:40:55'),(38,2,37,'vpLPWIqa04 (userEmail_2@gmail.com)','OqsVYbpgVf@gmail.com','5/1/1','2024-04-19 07:40:55','2024-04-19 07:40:55'),(39,2,37,'Oe0W9lXMoq (userEmail_2@gmail.com)','EXK54FaDdq@gmail.com','5/1/2','2024-04-19 07:40:55','2024-04-19 07:40:55'),(40,2,39,'lAVUTZ2ZZn (userEmail_2@gmail.com)','xVnVb0yu1B@gmail.com','5/1/2/1','2024-04-19 07:40:55','2024-04-19 07:40:55'),(41,3,NULL,'GfFSmaVcwQ (userEmail_3@gmail.com)','mYoxoY6ONY@gmail.com','1/1','2024-04-19 07:40:55','2024-04-19 07:40:55'),(42,3,41,'3gpRixooK2 (userEmail_3@gmail.com)','cWdg7JVCGR@gmail.com','1/1/1','2024-04-19 07:40:55','2024-04-19 07:40:55'),(43,3,41,'tFpH2Om7QK (userEmail_3@gmail.com)','fwTfxqwDML@gmail.com','1/1/2','2024-04-19 07:40:55','2024-04-19 07:40:55'),(44,3,43,'oaYMOIwYGH (userEmail_3@gmail.com)','sb71hjNApV@gmail.com','1/1/2/1','2024-04-19 07:40:55','2024-04-19 07:40:55'),(45,3,NULL,'zKvVEATQ8V (userEmail_3@gmail.com)','aiXrO781w9@gmail.com','2/1','2024-04-19 07:40:55','2024-04-19 07:40:55'),(46,3,45,'tNHYBhkQez (userEmail_3@gmail.com)','2XhHYlEgO9@gmail.com','2/1/1','2024-04-19 07:40:55','2024-04-19 07:40:55'),(47,3,45,'ouGH97w9L4 (userEmail_3@gmail.com)','jur4TxHhUO@gmail.com','2/1/2','2024-04-19 07:40:55','2024-04-19 07:40:55'),(48,3,47,'74ImFirjaB (userEmail_3@gmail.com)','g7zTbmlLAy@gmail.com','2/1/2/1','2024-04-19 07:40:55','2024-04-19 07:40:55'),(49,3,NULL,'EDgvU6JwRR (userEmail_3@gmail.com)','NhW1HbwKmd@gmail.com','3/1','2024-04-19 07:40:55','2024-04-19 07:40:55'),(50,3,49,'Pjr75Zg5Rh (userEmail_3@gmail.com)','OdA012RuOW@gmail.com','3/1/1','2024-04-19 07:40:55','2024-04-19 07:40:55'),(51,3,49,'nPyYjZgzaW (userEmail_3@gmail.com)','dgUho66Bwv@gmail.com','3/1/2','2024-04-19 07:40:55','2024-04-19 07:40:55'),(52,3,51,'L5tQ3AeF0G (userEmail_3@gmail.com)','ZKrvfl2HZv@gmail.com','3/1/2/1','2024-04-19 07:40:55','2024-04-19 07:40:55'),(53,3,NULL,'LzafV1MgMM (userEmail_3@gmail.com)','xgpeoKbPwA@gmail.com','4/1','2024-04-19 07:40:55','2024-04-19 07:40:55'),(54,3,53,'dmQyozwSXG (userEmail_3@gmail.com)','WF6bmZOWmR@gmail.com','4/1/1','2024-04-19 07:40:55','2024-04-19 07:40:55'),(55,3,53,'Q6nUKJmaAv (userEmail_3@gmail.com)','8fo7z5THat@gmail.com','4/1/2','2024-04-19 07:40:55','2024-04-19 07:40:55'),(56,3,55,'AYXg5Kat5X (userEmail_3@gmail.com)','8vmym9Gve6@gmail.com','4/1/2/1','2024-04-19 07:40:55','2024-04-19 07:40:55'),(57,3,NULL,'oN23qUe9GU (userEmail_3@gmail.com)','VTI7kWDUJE@gmail.com','5/1','2024-04-19 07:40:55','2024-04-19 07:40:55'),(58,3,57,'X3XCK6mqr9 (userEmail_3@gmail.com)','uuMIjZgG6U@gmail.com','5/1/1','2024-04-19 07:40:55','2024-04-19 07:40:55'),(59,3,57,'upCb6wQv0s (userEmail_3@gmail.com)','kBE4M49vfu@gmail.com','5/1/2','2024-04-19 07:40:55','2024-04-19 07:40:55'),(60,3,59,'Nn2uqVPvEr (userEmail_3@gmail.com)','72TnLKOaQs@gmail.com','5/1/2/1','2024-04-19 07:40:55','2024-04-19 07:40:55'),(61,4,NULL,'kGJVDnY16C (userEmail_4@gmail.com)','7Q66eHcG7n@gmail.com','1/1','2024-04-19 07:40:55','2024-04-19 07:40:55'),(62,4,61,'Qpk1sCSGJT (userEmail_4@gmail.com)','E10P7OTx22@gmail.com','1/1/1','2024-04-19 07:40:55','2024-04-19 07:40:55'),(63,4,61,'PeOKmY3BuQ (userEmail_4@gmail.com)','JAxKcZ0pKv@gmail.com','1/1/2','2024-04-19 07:40:55','2024-04-19 07:40:55'),(64,4,63,'Kkm8XjFvL9 (userEmail_4@gmail.com)','ngW6EstOTP@gmail.com','1/1/2/1','2024-04-19 07:40:55','2024-04-19 07:40:55'),(65,4,NULL,'oUdGs3gZdL (userEmail_4@gmail.com)','lM494jGfjP@gmail.com','2/1','2024-04-19 07:40:55','2024-04-19 07:40:55'),(66,4,65,'H3gUsoU7ll (userEmail_4@gmail.com)','Tt0U20Aylp@gmail.com','2/1/1','2024-04-19 07:40:55','2024-04-19 07:40:55'),(67,4,65,'kLM7faVCO0 (userEmail_4@gmail.com)','JORZE9I2pR@gmail.com','2/1/2','2024-04-19 07:40:55','2024-04-19 07:40:55'),(68,4,67,'1TGpHTDMuh (userEmail_4@gmail.com)','qbxUozW5hp@gmail.com','2/1/2/1','2024-04-19 07:40:55','2024-04-19 07:40:55'),(69,4,NULL,'QuSw7rxIu5 (userEmail_4@gmail.com)','hIEnbn42Hh@gmail.com','3/1','2024-04-19 07:40:55','2024-04-19 07:40:55'),(70,4,69,'zdgvgNk6Qv (userEmail_4@gmail.com)','Ga2DoHzXly@gmail.com','3/1/1','2024-04-19 07:40:55','2024-04-19 07:40:55'),(71,4,69,'kH0taNCb3O (userEmail_4@gmail.com)','06hg93KygF@gmail.com','3/1/2','2024-04-19 07:40:55','2024-04-19 07:40:55'),(72,4,71,'hm1663xJUS (userEmail_4@gmail.com)','BYDm6A8Qxx@gmail.com','3/1/2/1','2024-04-19 07:40:55','2024-04-19 07:40:55'),(73,4,NULL,'DwPHoACQMo (userEmail_4@gmail.com)','N7E2XpAITf@gmail.com','4/1','2024-04-19 07:40:55','2024-04-19 07:40:55'),(74,4,73,'P2pC1G3yuH (userEmail_4@gmail.com)','09spKJG6KW@gmail.com','4/1/1','2024-04-19 07:40:55','2024-04-19 07:40:55'),(75,4,73,'2U3nE1F21I (userEmail_4@gmail.com)','ZHMsS5vfag@gmail.com','4/1/2','2024-04-19 07:40:55','2024-04-19 07:40:55'),(76,4,75,'ZDtXXw8MLm (userEmail_4@gmail.com)','RTmwYUYYZH@gmail.com','4/1/2/1','2024-04-19 07:40:55','2024-04-19 07:40:55'),(77,4,NULL,'dQsv29QCf4 (userEmail_4@gmail.com)','9QtbltcC9d@gmail.com','5/1','2024-04-19 07:40:55','2024-04-19 07:40:55'),(78,4,77,'gydOU9ZDdu (userEmail_4@gmail.com)','l3D0orixyi@gmail.com','5/1/1','2024-04-19 07:40:55','2024-04-19 07:40:55'),(79,4,77,'9sEs3YrKry (userEmail_4@gmail.com)','64X4Jiqldv@gmail.com','5/1/2','2024-04-19 07:40:55','2024-04-19 07:40:55'),(80,4,79,'sXnq5dwrNY (userEmail_4@gmail.com)','cmwxIX9KKb@gmail.com','5/1/2/1','2024-04-19 07:40:55','2024-04-19 07:40:55'),(81,5,NULL,'4gMFrXPpl5 (userEmail_5@gmail.com)','zewPz2SEez@gmail.com','1/1','2024-04-19 07:40:55','2024-04-19 07:40:55'),(82,5,81,'1LYIGUpHRh (userEmail_5@gmail.com)','ClVyVvxrFk@gmail.com','1/1/1','2024-04-19 07:40:55','2024-04-19 07:40:55'),(83,5,81,'5ONOXd1tqi (userEmail_5@gmail.com)','6hLRDDdGdI@gmail.com','1/1/2','2024-04-19 07:40:55','2024-04-19 07:40:55'),(84,5,83,'GRe3vJgteL (userEmail_5@gmail.com)','zCEuNXqf2K@gmail.com','1/1/2/1','2024-04-19 07:40:55','2024-04-19 07:40:55'),(85,5,NULL,'LqRswiKz53 (userEmail_5@gmail.com)','EBnhIh52Yu@gmail.com','2/1','2024-04-19 07:40:55','2024-04-19 07:40:55'),(86,5,85,'9rDmqpNzyH (userEmail_5@gmail.com)','PbocEZNAIN@gmail.com','2/1/1','2024-04-19 07:40:55','2024-04-19 07:40:55'),(87,5,85,'0KcmXfTmq9 (userEmail_5@gmail.com)','D5bf8g6jgj@gmail.com','2/1/2','2024-04-19 07:40:55','2024-04-19 07:40:55'),(88,5,87,'mmfV4nXp5J (userEmail_5@gmail.com)','zqgtrkGZ2K@gmail.com','2/1/2/1','2024-04-19 07:40:55','2024-04-19 07:40:55'),(89,5,NULL,'l88aVxHsMF (userEmail_5@gmail.com)','1H255qvECK@gmail.com','3/1','2024-04-19 07:40:55','2024-04-19 07:40:55'),(90,5,89,'B2sca21QHc (userEmail_5@gmail.com)','F2A7P2cZo2@gmail.com','3/1/1','2024-04-19 07:40:55','2024-04-19 07:40:55'),(91,5,89,'rMPztpjje0 (userEmail_5@gmail.com)','sJPtWgxDOu@gmail.com','3/1/2','2024-04-19 07:40:55','2024-04-19 07:40:55'),(92,5,91,'hIfLv3qLar (userEmail_5@gmail.com)','mkdhvrplYS@gmail.com','3/1/2/1','2024-04-19 07:40:55','2024-04-19 07:40:55'),(93,5,NULL,'1Ag36ToAIw (userEmail_5@gmail.com)','CDYjBEMaFC@gmail.com','4/1','2024-04-19 07:40:55','2024-04-19 07:40:55'),(94,5,93,'6c3hzafNop (userEmail_5@gmail.com)','Qaaug74ZL5@gmail.com','4/1/1','2024-04-19 07:40:55','2024-04-19 07:40:55'),(95,5,93,'K1MuRWAIXk (userEmail_5@gmail.com)','ZPjSdSEhxS@gmail.com','4/1/2','2024-04-19 07:40:55','2024-04-19 07:40:55'),(96,5,95,'VWTIrI90ay (userEmail_5@gmail.com)','cZBFPNUKzA@gmail.com','4/1/2/1','2024-04-19 07:40:55','2024-04-19 07:40:55'),(97,5,NULL,'WFVdz8ZE12 (userEmail_5@gmail.com)','lWnrMBHwL2@gmail.com','5/1','2024-04-19 07:40:55','2024-04-19 07:40:55'),(98,5,97,'Nc6qJ4yBSs (userEmail_5@gmail.com)','R9bPvgODGs@gmail.com','5/1/1','2024-04-19 07:40:55','2024-04-19 07:40:55'),(99,5,97,'GJiK7A3eHC (userEmail_5@gmail.com)','CXBK5pgEFq@gmail.com','5/1/2','2024-04-19 07:40:55','2024-04-19 07:40:55'),(100,5,99,'DKJKbMrNKt (userEmail_5@gmail.com)','X22k2Bc9Rl@gmail.com','5/1/2/1','2024-04-19 07:40:55','2024-04-19 07:40:55'),(101,6,NULL,'KQh0AbJnMj (userEmail_6@gmail.com)','7AfWKaE0L1@gmail.com','1/1','2024-04-19 07:40:56','2024-04-19 07:40:56'),(102,6,101,'Nm8ps2Ghq3 (userEmail_6@gmail.com)','2eGdAL6g7d@gmail.com','1/1/1','2024-04-19 07:40:56','2024-04-19 07:40:56'),(103,6,101,'9HxMlUXuyk (userEmail_6@gmail.com)','JpqkvLHm6H@gmail.com','1/1/2','2024-04-19 07:40:56','2024-04-19 07:40:56'),(104,6,103,'2rRLOxep4Y (userEmail_6@gmail.com)','Kc4nyeQ5AN@gmail.com','1/1/2/1','2024-04-19 07:40:56','2024-04-19 07:40:56'),(105,6,NULL,'pGPWMNBLda (userEmail_6@gmail.com)','eeT6OQEOZ0@gmail.com','2/1','2024-04-19 07:40:56','2024-04-19 07:40:56'),(106,6,105,'KNaFZy5Pdz (userEmail_6@gmail.com)','4M92SpaCQf@gmail.com','2/1/1','2024-04-19 07:40:56','2024-04-19 07:40:56'),(107,6,105,'Gg2m34NesH (userEmail_6@gmail.com)','7oU3qETKFX@gmail.com','2/1/2','2024-04-19 07:40:56','2024-04-19 07:40:56'),(108,6,107,'BoHM1JDOcd (userEmail_6@gmail.com)','azuIFLhLjI@gmail.com','2/1/2/1','2024-04-19 07:40:56','2024-04-19 07:40:56'),(109,6,NULL,'yGuU1KE8SP (userEmail_6@gmail.com)','hn2rQdfGT5@gmail.com','3/1','2024-04-19 07:40:56','2024-04-19 07:40:56'),(110,6,109,'pQSYCuA2a7 (userEmail_6@gmail.com)','EwlIx8J9l5@gmail.com','3/1/1','2024-04-19 07:40:56','2024-04-19 07:40:56'),(111,6,109,'eC6JjMk0wM (userEmail_6@gmail.com)','kLdGJ9lY1H@gmail.com','3/1/2','2024-04-19 07:40:56','2024-04-19 07:40:56'),(112,6,111,'5vjFae8qWR (userEmail_6@gmail.com)','4VrxVjArPw@gmail.com','3/1/2/1','2024-04-19 07:40:56','2024-04-19 07:40:56'),(113,6,NULL,'PWPMG2Picd (userEmail_6@gmail.com)','VuHZRyKZlK@gmail.com','4/1','2024-04-19 07:40:56','2024-04-19 07:40:56'),(114,6,113,'PT6HzL01Co (userEmail_6@gmail.com)','y1xwExdYoK@gmail.com','4/1/1','2024-04-19 07:40:56','2024-04-19 07:40:56'),(115,6,113,'TFisn21fb3 (userEmail_6@gmail.com)','owmEBZOjrA@gmail.com','4/1/2','2024-04-19 07:40:56','2024-04-19 07:40:56'),(116,6,115,'q4Im5IOZ3K (userEmail_6@gmail.com)','iUuwsdM9zw@gmail.com','4/1/2/1','2024-04-19 07:40:56','2024-04-19 07:40:56'),(117,6,NULL,'7xqRBANDQV (userEmail_6@gmail.com)','h1XxRF7Tqe@gmail.com','5/1','2024-04-19 07:40:56','2024-04-19 07:40:56'),(118,6,117,'JHV8GjBV03 (userEmail_6@gmail.com)','bN6imUb0E7@gmail.com','5/1/1','2024-04-19 07:40:56','2024-04-19 07:40:56'),(119,6,117,'vgTro6VW5z (userEmail_6@gmail.com)','wR2a56068y@gmail.com','5/1/2','2024-04-19 07:40:56','2024-04-19 07:40:56'),(120,6,119,'Pt5lRRHjqA (userEmail_6@gmail.com)','cyNMVsZ8tT@gmail.com','5/1/2/1','2024-04-19 07:40:56','2024-04-19 07:40:56'),(121,7,NULL,'dldqiS9pLx (userEmail_7@gmail.com)','El8xBVoXzE@gmail.com','1/1','2024-04-19 07:40:56','2024-04-19 07:40:56'),(122,7,121,'ynJQ9YjMLk (userEmail_7@gmail.com)','kQXqLtPISF@gmail.com','1/1/1','2024-04-19 07:40:56','2024-04-19 07:40:56'),(123,7,121,'pNj5DdyUJD (userEmail_7@gmail.com)','fs0K80i9lH@gmail.com','1/1/2','2024-04-19 07:40:56','2024-04-19 07:40:56'),(124,7,123,'UvZv2Hq5g0 (userEmail_7@gmail.com)','XkinEjD5r5@gmail.com','1/1/2/1','2024-04-19 07:40:56','2024-04-19 07:40:56'),(125,7,NULL,'4TW5VOap82 (userEmail_7@gmail.com)','RqWa2YZuur@gmail.com','2/1','2024-04-19 07:40:56','2024-04-19 07:40:56'),(126,7,125,'Pba4xHHwPK (userEmail_7@gmail.com)','3rIHuqlzmw@gmail.com','2/1/1','2024-04-19 07:40:56','2024-04-19 07:40:56'),(127,7,125,'hLzudfG7mt (userEmail_7@gmail.com)','mD92Jp38RT@gmail.com','2/1/2','2024-04-19 07:40:56','2024-04-19 07:40:56'),(128,7,127,'DCByuBTPJv (userEmail_7@gmail.com)','8l4bvDd5Cl@gmail.com','2/1/2/1','2024-04-19 07:40:56','2024-04-19 07:40:56'),(129,7,NULL,'UNzVvfd8h8 (userEmail_7@gmail.com)','qp9xyeK8SU@gmail.com','3/1','2024-04-19 07:40:56','2024-04-19 07:40:56'),(130,7,129,'mZVclSmtiJ (userEmail_7@gmail.com)','7KihmiyfcA@gmail.com','3/1/1','2024-04-19 07:40:56','2024-04-19 07:40:56'),(131,7,129,'Xp1r0fQKSi (userEmail_7@gmail.com)','J0B1Jl5RCD@gmail.com','3/1/2','2024-04-19 07:40:56','2024-04-19 07:40:56'),(132,7,131,'TFcodZc8j9 (userEmail_7@gmail.com)','CeWKhxDA7X@gmail.com','3/1/2/1','2024-04-19 07:40:56','2024-04-19 07:40:56'),(133,7,NULL,'zKJATiyUDV (userEmail_7@gmail.com)','OY4PctC1D2@gmail.com','4/1','2024-04-19 07:40:56','2024-04-19 07:40:56'),(134,7,133,'AC1HOpCqtF (userEmail_7@gmail.com)','bOlpNitQ39@gmail.com','4/1/1','2024-04-19 07:40:56','2024-04-19 07:40:56'),(135,7,133,'ooYInGyBm5 (userEmail_7@gmail.com)','WROd8BvT5r@gmail.com','4/1/2','2024-04-19 07:40:56','2024-04-19 07:40:56'),(136,7,135,'ERP0oqXOoN (userEmail_7@gmail.com)','N4io1zIWoX@gmail.com','4/1/2/1','2024-04-19 07:40:56','2024-04-19 07:40:56'),(137,7,NULL,'xQG4Rx7vxj (userEmail_7@gmail.com)','v6Xsil09jR@gmail.com','5/1','2024-04-19 07:40:56','2024-04-19 07:40:56'),(138,7,137,'51NkTWoAnu (userEmail_7@gmail.com)','Z9XCpAe5F0@gmail.com','5/1/1','2024-04-19 07:40:56','2024-04-19 07:40:56'),(139,7,137,'W26Lbl9Edg (userEmail_7@gmail.com)','FSrBYhdYIO@gmail.com','5/1/2','2024-04-19 07:40:56','2024-04-19 07:40:56'),(140,7,139,'8K5yuz3X6Q (userEmail_7@gmail.com)','zItBElaewZ@gmail.com','5/1/2/1','2024-04-19 07:40:56','2024-04-19 07:40:56'),(141,8,NULL,'ywaMwYGjUF (userEmail_8@gmail.com)','81TjtNQcay@gmail.com','1/1','2024-04-19 07:40:56','2024-04-19 07:40:56'),(142,8,141,'skCmCrqieo (userEmail_8@gmail.com)','CBWqXmVmAr@gmail.com','1/1/1','2024-04-19 07:40:56','2024-04-19 07:40:56'),(143,8,141,'L15kq9VdD8 (userEmail_8@gmail.com)','8qVRxADAta@gmail.com','1/1/2','2024-04-19 07:40:56','2024-04-19 07:40:56'),(144,8,143,'I9UecfEV4d (userEmail_8@gmail.com)','bSHXwB0pnE@gmail.com','1/1/2/1','2024-04-19 07:40:56','2024-04-19 07:40:56'),(145,8,NULL,'wwzqhwhFch (userEmail_8@gmail.com)','LXh3up3zwH@gmail.com','2/1','2024-04-19 07:40:56','2024-04-19 07:40:56'),(146,8,145,'QAYHSsQy6r (userEmail_8@gmail.com)','KOr3N41f88@gmail.com','2/1/1','2024-04-19 07:40:56','2024-04-19 07:40:56'),(147,8,145,'jVFWoCAv7r (userEmail_8@gmail.com)','IN6B03X6Xk@gmail.com','2/1/2','2024-04-19 07:40:56','2024-04-19 07:40:56'),(148,8,147,'3UEQWqZXgx (userEmail_8@gmail.com)','g6Xpoysfvk@gmail.com','2/1/2/1','2024-04-19 07:40:56','2024-04-19 07:40:56'),(149,8,NULL,'nCxRP4GvqK (userEmail_8@gmail.com)','tVQdgZAxgs@gmail.com','3/1','2024-04-19 07:40:56','2024-04-19 07:40:56'),(150,8,149,'vCfUrc7T55 (userEmail_8@gmail.com)','MrgYD02EQR@gmail.com','3/1/1','2024-04-19 07:40:56','2024-04-19 07:40:56'),(151,8,149,'4FibBxJcA3 (userEmail_8@gmail.com)','Bpmncz9c3r@gmail.com','3/1/2','2024-04-19 07:40:56','2024-04-19 07:40:56'),(152,8,151,'1yczgrDQX4 (userEmail_8@gmail.com)','Om6zcUQXMj@gmail.com','3/1/2/1','2024-04-19 07:40:56','2024-04-19 07:40:56'),(153,8,NULL,'wMKQ3PC06B (userEmail_8@gmail.com)','dngFO7y4Kc@gmail.com','4/1','2024-04-19 07:40:56','2024-04-19 07:40:56'),(154,8,153,'gJ6DltwHm3 (userEmail_8@gmail.com)','hNkbmAvFsj@gmail.com','4/1/1','2024-04-19 07:40:56','2024-04-19 07:40:56'),(155,8,153,'4VzQbYXEbV (userEmail_8@gmail.com)','pKyJ3dnsGv@gmail.com','4/1/2','2024-04-19 07:40:56','2024-04-19 07:40:56'),(156,8,155,'f6zDiIo9TP (userEmail_8@gmail.com)','vR9ZPyfmes@gmail.com','4/1/2/1','2024-04-19 07:40:56','2024-04-19 07:40:56'),(157,8,NULL,'i8vWEOfJGC (userEmail_8@gmail.com)','fmTnua1oTF@gmail.com','5/1','2024-04-19 07:40:56','2024-04-19 07:40:56'),(158,8,157,'0SIgrhXQt8 (userEmail_8@gmail.com)','VOdgXgD1d4@gmail.com','5/1/1','2024-04-19 07:40:56','2024-04-19 07:40:56'),(159,8,157,'HEv1l6NJM0 (userEmail_8@gmail.com)','ZT4aR0BRcM@gmail.com','5/1/2','2024-04-19 07:40:56','2024-04-19 07:40:56'),(160,8,159,'8yfG537o3v (userEmail_8@gmail.com)','1YFW0uBWYA@gmail.com','5/1/2/1','2024-04-19 07:40:56','2024-04-19 07:40:56'),(161,9,NULL,'HTxNbVDGDt (userEmail_9@gmail.com)','cx4aArFeTB@gmail.com','1/1','2024-04-19 07:40:56','2024-04-19 07:40:56'),(162,9,161,'eT4nxe7YTv (userEmail_9@gmail.com)','PqYxzFRmF1@gmail.com','1/1/1','2024-04-19 07:40:56','2024-04-19 07:40:56'),(163,9,161,'vpmkg6vlXg (userEmail_9@gmail.com)','IrOq8TdqKS@gmail.com','1/1/2','2024-04-19 07:40:56','2024-04-19 07:40:56'),(164,9,163,'L9JdEa2Zr3 (userEmail_9@gmail.com)','jkS7Em02Xy@gmail.com','1/1/2/1','2024-04-19 07:40:56','2024-04-19 07:40:56'),(165,9,NULL,'TpKOO7CTKn (userEmail_9@gmail.com)','iLLXSvdHbe@gmail.com','2/1','2024-04-19 07:40:56','2024-04-19 07:40:56'),(166,9,165,'K8KocSHPik (userEmail_9@gmail.com)','RMnnumSDSA@gmail.com','2/1/1','2024-04-19 07:40:56','2024-04-19 07:40:56'),(167,9,165,'52OIy0wENk (userEmail_9@gmail.com)','0daKVnXYyG@gmail.com','2/1/2','2024-04-19 07:40:56','2024-04-19 07:40:56'),(168,9,167,'y9hezYmcVH (userEmail_9@gmail.com)','5TTd7efKcZ@gmail.com','2/1/2/1','2024-04-19 07:40:56','2024-04-19 07:40:56'),(169,9,NULL,'YRiCZt0u5i (userEmail_9@gmail.com)','UYoRRbutSu@gmail.com','3/1','2024-04-19 07:40:56','2024-04-19 07:40:56'),(170,9,169,'kvSRSbCrYn (userEmail_9@gmail.com)','Ill4NSyUJu@gmail.com','3/1/1','2024-04-19 07:40:56','2024-04-19 07:40:56'),(171,9,169,'aoMKW1ruM5 (userEmail_9@gmail.com)','8At1WXJZA8@gmail.com','3/1/2','2024-04-19 07:40:56','2024-04-19 07:40:56'),(172,9,171,'dkdyeM3ecq (userEmail_9@gmail.com)','d0o5tYWHyR@gmail.com','3/1/2/1','2024-04-19 07:40:56','2024-04-19 07:40:56'),(173,9,NULL,'52xXwXI5lZ (userEmail_9@gmail.com)','gexm8hNfhg@gmail.com','4/1','2024-04-19 07:40:56','2024-04-19 07:40:56'),(174,9,173,'kZiaPB39lk (userEmail_9@gmail.com)','VKowl4NqHH@gmail.com','4/1/1','2024-04-19 07:40:56','2024-04-19 07:40:56'),(175,9,173,'W1Qgc7Ct5Q (userEmail_9@gmail.com)','kigAXoD6PU@gmail.com','4/1/2','2024-04-19 07:40:56','2024-04-19 07:40:56'),(176,9,175,'3X0Mtdskuj (userEmail_9@gmail.com)','K7l0AN9BOK@gmail.com','4/1/2/1','2024-04-19 07:40:56','2024-04-19 07:40:56'),(177,9,NULL,'yYiDkB2iZe (userEmail_9@gmail.com)','Pv7YN4CqeG@gmail.com','5/1','2024-04-19 07:40:56','2024-04-19 07:40:56'),(178,9,177,'8Cdr3dtPP3 (userEmail_9@gmail.com)','YBnJRK6NQt@gmail.com','5/1/1','2024-04-19 07:40:56','2024-04-19 07:40:56'),(179,9,177,'2Wuk3lgVzd (userEmail_9@gmail.com)','qpsoKgRpKf@gmail.com','5/1/2','2024-04-19 07:40:56','2024-04-19 07:40:56'),(180,9,179,'8VLxxYSD21 (userEmail_9@gmail.com)','yVxwlIZb7R@gmail.com','5/1/2/1','2024-04-19 07:40:56','2024-04-19 07:40:56'),(181,10,NULL,'fjPRCZr3Bs (userEmail_10@gmail.com)','vh4cTJkMNV@gmail.com','1/1','2024-04-19 07:40:56','2024-04-19 07:40:56'),(182,10,181,'KAsjSXK6C3 (userEmail_10@gmail.com)','AM2QRM37Pg@gmail.com','1/1/1','2024-04-19 07:40:56','2024-04-19 07:40:56'),(183,10,181,'497m45es5W (userEmail_10@gmail.com)','RWDmu4erM2@gmail.com','1/1/2','2024-04-19 07:40:56','2024-04-19 07:40:56'),(184,10,183,'7Zs6g6gb6b (userEmail_10@gmail.com)','QmPOM6AOes@gmail.com','1/1/2/1','2024-04-19 07:40:56','2024-04-19 07:40:56'),(185,10,NULL,'u83upjmSPG (userEmail_10@gmail.com)','0mm0xw2ZBO@gmail.com','2/1','2024-04-19 07:40:56','2024-04-19 07:40:56'),(186,10,185,'UAm1j8ZGG5 (userEmail_10@gmail.com)','zfFqFc2DNf@gmail.com','2/1/1','2024-04-19 07:40:56','2024-04-19 07:40:56'),(187,10,185,'icQRwVQdV3 (userEmail_10@gmail.com)','NfuQLVCHoD@gmail.com','2/1/2','2024-04-19 07:40:56','2024-04-19 07:40:56'),(188,10,187,'kHOFDKa1gR (userEmail_10@gmail.com)','dveYcW0ORs@gmail.com','2/1/2/1','2024-04-19 07:40:56','2024-04-19 07:40:56'),(189,10,NULL,'JUzM927Wzv (userEmail_10@gmail.com)','h6MhGEA4fk@gmail.com','3/1','2024-04-19 07:40:56','2024-04-19 07:40:56'),(190,10,189,'ZXC0jIpfLS (userEmail_10@gmail.com)','w8kXVB2XT8@gmail.com','3/1/1','2024-04-19 07:40:57','2024-04-19 07:40:57'),(191,10,189,'f4bHojbJKB (userEmail_10@gmail.com)','S6CS1oA7Kx@gmail.com','3/1/2','2024-04-19 07:40:57','2024-04-19 07:40:57'),(192,10,191,'uzll4YKkwp (userEmail_10@gmail.com)','zkqZc6Tk2j@gmail.com','3/1/2/1','2024-04-19 07:40:57','2024-04-19 07:40:57'),(193,10,NULL,'fxwbvDJKHB (userEmail_10@gmail.com)','yFgHhxav9c@gmail.com','4/1','2024-04-19 07:40:57','2024-04-19 07:40:57'),(194,10,193,'lRsAJ1DtRv (userEmail_10@gmail.com)','GNAEL5B0Y1@gmail.com','4/1/1','2024-04-19 07:40:57','2024-04-19 07:40:57'),(195,10,193,'skLk74PA52 (userEmail_10@gmail.com)','5gpmYfl95Y@gmail.com','4/1/2','2024-04-19 07:40:57','2024-04-19 07:40:57'),(196,10,195,'S8bX7bhuPi (userEmail_10@gmail.com)','8MVqw9XFRL@gmail.com','4/1/2/1','2024-04-19 07:40:57','2024-04-19 07:40:57'),(197,10,NULL,'vFULt7pXs4 (userEmail_10@gmail.com)','EtxKjEWf7Z@gmail.com','5/1','2024-04-19 07:40:57','2024-04-19 07:40:57'),(198,10,197,'u3BlY4MT1A (userEmail_10@gmail.com)','1TpefK2p0O@gmail.com','5/1/1','2024-04-19 07:40:57','2024-04-19 07:40:57'),(199,10,197,'jC4lC9ZzLg (userEmail_10@gmail.com)','IVQe1D6LfJ@gmail.com','5/1/2','2024-04-19 07:40:57','2024-04-19 07:40:57'),(200,10,199,'Tlpj0G9Bd6 (userEmail_10@gmail.com)','IDUITrTe26@gmail.com','5/1/2/1','2024-04-19 07:40:57','2024-04-19 07:40:57'),(201,11,NULL,'eSg0RWqsFD (userEmail_11@gmail.com)','1MAVA4TLpF@gmail.com','1/1','2024-04-19 07:40:57','2024-04-19 07:40:57'),(202,11,201,'GtvWmausBr (userEmail_11@gmail.com)','9cghFAemL9@gmail.com','1/1/1','2024-04-19 07:40:57','2024-04-19 07:40:57'),(203,11,201,'oU56JWD5Qj (userEmail_11@gmail.com)','nI9At8qSEa@gmail.com','1/1/2','2024-04-19 07:40:57','2024-04-19 07:40:57'),(204,11,203,'dM32WCszZz (userEmail_11@gmail.com)','UMcFqcgoqy@gmail.com','1/1/2/1','2024-04-19 07:40:57','2024-04-19 07:40:57'),(205,11,NULL,'soLPIsGzyK (userEmail_11@gmail.com)','cdZTCgBNH6@gmail.com','2/1','2024-04-19 07:40:57','2024-04-19 07:40:57'),(206,11,205,'KUSWekiuZu (userEmail_11@gmail.com)','t6RUATBbcH@gmail.com','2/1/1','2024-04-19 07:40:57','2024-04-19 07:40:57'),(207,11,205,'I9atvb4SuL (userEmail_11@gmail.com)','OY5TbcTE93@gmail.com','2/1/2','2024-04-19 07:40:57','2024-04-19 07:40:57'),(208,11,207,'arFKGpMqbk (userEmail_11@gmail.com)','ePuyzTT2cF@gmail.com','2/1/2/1','2024-04-19 07:40:57','2024-04-19 07:40:57'),(209,11,NULL,'nhU1Eh6MlW (userEmail_11@gmail.com)','Z4UcT0HGax@gmail.com','3/1','2024-04-19 07:40:57','2024-04-19 07:40:57'),(210,11,209,'eC2u2ddX8w (userEmail_11@gmail.com)','3hP9hFKoWO@gmail.com','3/1/1','2024-04-19 07:40:57','2024-04-19 07:40:57'),(211,11,209,'4OS5jI7K37 (userEmail_11@gmail.com)','O5JY1PmxgV@gmail.com','3/1/2','2024-04-19 07:40:57','2024-04-19 07:40:57'),(212,11,211,'RCD35kw4c0 (userEmail_11@gmail.com)','xfWUAU0dVp@gmail.com','3/1/2/1','2024-04-19 07:40:57','2024-04-19 07:40:57'),(213,11,NULL,'oV91ZvF2Vm (userEmail_11@gmail.com)','9zFPBhbHog@gmail.com','4/1','2024-04-19 07:40:57','2024-04-19 07:40:57'),(214,11,213,'2CdOGocHOW (userEmail_11@gmail.com)','WKS7FVYc2b@gmail.com','4/1/1','2024-04-19 07:40:57','2024-04-19 07:40:57'),(215,11,213,'wJaZpLhr32 (userEmail_11@gmail.com)','LdOqgvVAcU@gmail.com','4/1/2','2024-04-19 07:40:57','2024-04-19 07:40:57'),(216,11,215,'3wuguoqLMs (userEmail_11@gmail.com)','rE4OX8j4KS@gmail.com','4/1/2/1','2024-04-19 07:40:57','2024-04-19 07:40:57'),(217,11,NULL,'9f6yucmFkZ (userEmail_11@gmail.com)','smIJsJTH8f@gmail.com','5/1','2024-04-19 07:40:57','2024-04-19 07:40:57'),(218,11,217,'Pqy7YxnEBv (userEmail_11@gmail.com)','4OvFAVp4p2@gmail.com','5/1/1','2024-04-19 07:40:57','2024-04-19 07:40:57'),(219,11,217,'zgbln8p6PV (userEmail_11@gmail.com)','rwblx3IMEu@gmail.com','5/1/2','2024-04-19 07:40:57','2024-04-19 07:40:57'),(220,11,219,'skgxnlOMZY (userEmail_11@gmail.com)','h81VpoIvuq@gmail.com','5/1/2/1','2024-04-19 07:40:57','2024-04-19 07:40:57'),(221,12,NULL,'1hAQzU1JES (userEmail_12@gmail.com)','i7RYc2q3Kp@gmail.com','1/1','2024-04-19 07:40:57','2024-04-19 07:40:57'),(222,12,221,'Fbcyuq15VU (userEmail_12@gmail.com)','H2s5g07OtH@gmail.com','1/1/1','2024-04-19 07:40:57','2024-04-19 07:40:57'),(223,12,221,'2Ka0Ql3IUV (userEmail_12@gmail.com)','VpmMALKFWm@gmail.com','1/1/2','2024-04-19 07:40:57','2024-04-19 07:40:57'),(224,12,223,'dAY3rteqpz (userEmail_12@gmail.com)','ZLtqn0paFA@gmail.com','1/1/2/1','2024-04-19 07:40:57','2024-04-19 07:40:57'),(225,12,NULL,'U6yKVghTj6 (userEmail_12@gmail.com)','0uzfpJPnOp@gmail.com','2/1','2024-04-19 07:40:57','2024-04-19 07:40:57'),(226,12,225,'YqclACKXMM (userEmail_12@gmail.com)','qFxeLiDQbO@gmail.com','2/1/1','2024-04-19 07:40:57','2024-04-19 07:40:57'),(227,12,225,'W1vTg4f6S3 (userEmail_12@gmail.com)','5QvIzuFQmo@gmail.com','2/1/2','2024-04-19 07:40:57','2024-04-19 07:40:57'),(228,12,227,'H9KXDv3YIJ (userEmail_12@gmail.com)','AEG00qJ3Ni@gmail.com','2/1/2/1','2024-04-19 07:40:57','2024-04-19 07:40:57'),(229,12,NULL,'6yNWTm2KHi (userEmail_12@gmail.com)','psvMvTOUcb@gmail.com','3/1','2024-04-19 07:40:57','2024-04-19 07:40:57'),(230,12,229,'x7D4bMtW6h (userEmail_12@gmail.com)','xjsgCgjxJz@gmail.com','3/1/1','2024-04-19 07:40:57','2024-04-19 07:40:57'),(231,12,229,'lr7Glccjzb (userEmail_12@gmail.com)','ualZ0badS3@gmail.com','3/1/2','2024-04-19 07:40:57','2024-04-19 07:40:57'),(232,12,231,'YW1t0wSl7X (userEmail_12@gmail.com)','D1tkPgJL5j@gmail.com','3/1/2/1','2024-04-19 07:40:57','2024-04-19 07:40:57'),(233,12,NULL,'oPsGgATS7c (userEmail_12@gmail.com)','zE4k7c38sY@gmail.com','4/1','2024-04-19 07:40:57','2024-04-19 07:40:57'),(234,12,233,'jfDTCKTaRr (userEmail_12@gmail.com)','jRiqgrg7Y8@gmail.com','4/1/1','2024-04-19 07:40:57','2024-04-19 07:40:57'),(235,12,233,'605OfIv2mw (userEmail_12@gmail.com)','igzuapOeRn@gmail.com','4/1/2','2024-04-19 07:40:57','2024-04-19 07:40:57'),(236,12,235,'phaoi2Ysiv (userEmail_12@gmail.com)','ByMtTPrmG2@gmail.com','4/1/2/1','2024-04-19 07:40:57','2024-04-19 07:40:57'),(237,12,NULL,'yDbsa9MQRZ (userEmail_12@gmail.com)','m44QPov3BS@gmail.com','5/1','2024-04-19 07:40:57','2024-04-19 07:40:57'),(238,12,237,'nBOOeXIJ9e (userEmail_12@gmail.com)','n9RJwWGvdP@gmail.com','5/1/1','2024-04-19 07:40:57','2024-04-19 07:40:57'),(239,12,237,'7Pkv0nyOJO (userEmail_12@gmail.com)','JBDlEWrUAp@gmail.com','5/1/2','2024-04-19 07:40:57','2024-04-19 07:40:57'),(240,12,239,'Wxum28f2Fe (userEmail_12@gmail.com)','277SSWdXc9@gmail.com','5/1/2/1','2024-04-19 07:40:57','2024-04-19 07:40:57'),(241,13,NULL,'DkwFg2rvja (userEmail_13@gmail.com)','2gL68phRXg@gmail.com','1/1','2024-04-19 07:40:57','2024-04-19 07:40:57'),(242,13,241,'HSTerhqg6N (userEmail_13@gmail.com)','nXoTWeMzHk@gmail.com','1/1/1','2024-04-19 07:40:57','2024-04-19 07:40:57'),(243,13,241,'xjg6fDKCy4 (userEmail_13@gmail.com)','sNed1xS1KT@gmail.com','1/1/2','2024-04-19 07:40:57','2024-04-19 07:40:57'),(244,13,243,'qyDlR8Thb0 (userEmail_13@gmail.com)','IwpAFQ4XOT@gmail.com','1/1/2/1','2024-04-19 07:40:57','2024-04-19 07:40:57'),(245,13,NULL,'ZjW6881hl4 (userEmail_13@gmail.com)','rT9KFAchHj@gmail.com','2/1','2024-04-19 07:40:57','2024-04-19 07:40:57'),(246,13,245,'ACmEDry8B4 (userEmail_13@gmail.com)','NeOlW7Vrk0@gmail.com','2/1/1','2024-04-19 07:40:57','2024-04-19 07:40:57'),(247,13,245,'z7Lc1FjNc6 (userEmail_13@gmail.com)','9KM2VDnFK6@gmail.com','2/1/2','2024-04-19 07:40:57','2024-04-19 07:40:57'),(248,13,247,'9IsWJWjwrs (userEmail_13@gmail.com)','ehPzRXdVLS@gmail.com','2/1/2/1','2024-04-19 07:40:57','2024-04-19 07:40:57'),(249,13,NULL,'3IwT7pPRXr (userEmail_13@gmail.com)','SCGvGQ9QH5@gmail.com','3/1','2024-04-19 07:40:57','2024-04-19 07:40:57'),(250,13,249,'gVYt7XEm9M (userEmail_13@gmail.com)','etxQBBBPf0@gmail.com','3/1/1','2024-04-19 07:40:57','2024-04-19 07:40:57'),(251,13,249,'da4W8UWoLE (userEmail_13@gmail.com)','yRqSpAaysM@gmail.com','3/1/2','2024-04-19 07:40:57','2024-04-19 07:40:57'),(252,13,251,'BiSLfloOjN (userEmail_13@gmail.com)','NtGsO7xCVs@gmail.com','3/1/2/1','2024-04-19 07:40:57','2024-04-19 07:40:57'),(253,13,NULL,'8dxoAafYG6 (userEmail_13@gmail.com)','99atADMWre@gmail.com','4/1','2024-04-19 07:40:57','2024-04-19 07:40:57'),(254,13,253,'SLxsK7sysx (userEmail_13@gmail.com)','AFTCHl1NWF@gmail.com','4/1/1','2024-04-19 07:40:57','2024-04-19 07:40:57'),(255,13,253,'nrmRKTc8ym (userEmail_13@gmail.com)','R8xghRLpRm@gmail.com','4/1/2','2024-04-19 07:40:57','2024-04-19 07:40:57'),(256,13,255,'7uKlR1NXXs (userEmail_13@gmail.com)','zix0xEgk6k@gmail.com','4/1/2/1','2024-04-19 07:40:57','2024-04-19 07:40:57'),(257,13,NULL,'0xT28Epwd1 (userEmail_13@gmail.com)','0B8fJhhgJX@gmail.com','5/1','2024-04-19 07:40:57','2024-04-19 07:40:57'),(258,13,257,'HR6f8m8Mer (userEmail_13@gmail.com)','SXokU5RMY1@gmail.com','5/1/1','2024-04-19 07:40:57','2024-04-19 07:40:57'),(259,13,257,'zNQFb1Prhp (userEmail_13@gmail.com)','gxUNGYPD7Y@gmail.com','5/1/2','2024-04-19 07:40:57','2024-04-19 07:40:57'),(260,13,259,'xh8SPui5FT (userEmail_13@gmail.com)','kg7Db61cKd@gmail.com','5/1/2/1','2024-04-19 07:40:57','2024-04-19 07:40:57'),(261,14,NULL,'zCy1wZEs9K (userEmail_14@gmail.com)','o29Nr4KHUm@gmail.com','1/1','2024-04-19 07:40:57','2024-04-19 07:40:57'),(262,14,261,'UccJpTfASE (userEmail_14@gmail.com)','BUf4Zy8E2n@gmail.com','1/1/1','2024-04-19 07:40:57','2024-04-19 07:40:57'),(263,14,261,'EYzN2yZypT (userEmail_14@gmail.com)','XA6OrczfkE@gmail.com','1/1/2','2024-04-19 07:40:57','2024-04-19 07:40:57'),(264,14,263,'NK4xMXtp7K (userEmail_14@gmail.com)','0QFXfEhzCM@gmail.com','1/1/2/1','2024-04-19 07:40:57','2024-04-19 07:40:57'),(265,14,NULL,'YiZprKk2Xb (userEmail_14@gmail.com)','ykxtFQ2qir@gmail.com','2/1','2024-04-19 07:40:57','2024-04-19 07:40:57'),(266,14,265,'DCwNik9xv8 (userEmail_14@gmail.com)','nwNaYeF9tH@gmail.com','2/1/1','2024-04-19 07:40:57','2024-04-19 07:40:57'),(267,14,265,'a94Y5aaiDF (userEmail_14@gmail.com)','jNRqFJpfAN@gmail.com','2/1/2','2024-04-19 07:40:57','2024-04-19 07:40:57'),(268,14,267,'4TQBZzgP7r (userEmail_14@gmail.com)','3mdloO97QY@gmail.com','2/1/2/1','2024-04-19 07:40:57','2024-04-19 07:40:57'),(269,14,NULL,'bdPOtnifds (userEmail_14@gmail.com)','hJiYgKnnOe@gmail.com','3/1','2024-04-19 07:40:57','2024-04-19 07:40:57'),(270,14,269,'g5yoOEaeOS (userEmail_14@gmail.com)','8Qw6jinpvz@gmail.com','3/1/1','2024-04-19 07:40:57','2024-04-19 07:40:57'),(271,14,269,'UqxHQkQVFT (userEmail_14@gmail.com)','2oQcJWMFEX@gmail.com','3/1/2','2024-04-19 07:40:57','2024-04-19 07:40:57'),(272,14,271,'ur1EVrzHiG (userEmail_14@gmail.com)','Gal7ftGu3g@gmail.com','3/1/2/1','2024-04-19 07:40:57','2024-04-19 07:40:57'),(273,14,NULL,'Ajv7k4mx6E (userEmail_14@gmail.com)','iLGeZyXL2Y@gmail.com','4/1','2024-04-19 07:40:57','2024-04-19 07:40:57'),(274,14,273,'VYDOyWgRqo (userEmail_14@gmail.com)','323z7cFTV5@gmail.com','4/1/1','2024-04-19 07:40:57','2024-04-19 07:40:57'),(275,14,273,'BpDb3mm0z1 (userEmail_14@gmail.com)','vEl4XLRj4T@gmail.com','4/1/2','2024-04-19 07:40:57','2024-04-19 07:40:57'),(276,14,275,'o0RbOGbURj (userEmail_14@gmail.com)','VZfrUdP9h0@gmail.com','4/1/2/1','2024-04-19 07:40:57','2024-04-19 07:40:57'),(277,14,NULL,'Y3KIf6kxfU (userEmail_14@gmail.com)','nkSn0r809R@gmail.com','5/1','2024-04-19 07:40:57','2024-04-19 07:40:57'),(278,14,277,'tkQPfLZEUK (userEmail_14@gmail.com)','vUOgBcsYWI@gmail.com','5/1/1','2024-04-19 07:40:57','2024-04-19 07:40:57'),(279,14,277,'qpWpa4zMrw (userEmail_14@gmail.com)','LHjXKAOkDH@gmail.com','5/1/2','2024-04-19 07:40:57','2024-04-19 07:40:57'),(280,14,279,'wBSgIFtcwD (userEmail_14@gmail.com)','7a8VZyM1nP@gmail.com','5/1/2/1','2024-04-19 07:40:58','2024-04-19 07:40:58'),(281,15,NULL,'t3g87if69g (userEmail_15@gmail.com)','IbxoxQbold@gmail.com','1/1','2024-04-19 07:40:58','2024-04-19 07:40:58'),(282,15,281,'3CnWUZxYnk (userEmail_15@gmail.com)','XIfq2ViQoX@gmail.com','1/1/1','2024-04-19 07:40:58','2024-04-19 07:40:58'),(283,15,281,'cDtMOhf84v (userEmail_15@gmail.com)','Ce4k2UMFpB@gmail.com','1/1/2','2024-04-19 07:40:58','2024-04-19 07:40:58'),(284,15,283,'dI2jgHiBEK (userEmail_15@gmail.com)','H04UG6gUjp@gmail.com','1/1/2/1','2024-04-19 07:40:58','2024-04-19 07:40:58'),(285,15,NULL,'14V58ahe3A (userEmail_15@gmail.com)','9xwQ4odofo@gmail.com','2/1','2024-04-19 07:40:58','2024-04-19 07:40:58'),(286,15,285,'m93V2gCzsO (userEmail_15@gmail.com)','4nFjXrFRUQ@gmail.com','2/1/1','2024-04-19 07:40:58','2024-04-19 07:40:58'),(287,15,285,'x0CcQodhSu (userEmail_15@gmail.com)','UNz69fCf6S@gmail.com','2/1/2','2024-04-19 07:40:58','2024-04-19 07:40:58'),(288,15,287,'1n5Mpymkz5 (userEmail_15@gmail.com)','e5VuZQxPKu@gmail.com','2/1/2/1','2024-04-19 07:40:58','2024-04-19 07:40:58'),(289,15,NULL,'n14EpSgzay (userEmail_15@gmail.com)','PUXvPIZUOK@gmail.com','3/1','2024-04-19 07:40:58','2024-04-19 07:40:58'),(290,15,289,'6fWJAG6jN2 (userEmail_15@gmail.com)','a21DSPk5yr@gmail.com','3/1/1','2024-04-19 07:40:58','2024-04-19 07:40:58'),(291,15,289,'r3WAqrXr9K (userEmail_15@gmail.com)','3jwml9dOJ0@gmail.com','3/1/2','2024-04-19 07:40:58','2024-04-19 07:40:58'),(292,15,291,'wPBtjQZ4v4 (userEmail_15@gmail.com)','9LqfKsiCN3@gmail.com','3/1/2/1','2024-04-19 07:40:58','2024-04-19 07:40:58'),(293,15,NULL,'tY2Nzp1PIx (userEmail_15@gmail.com)','zV71hteUFf@gmail.com','4/1','2024-04-19 07:40:58','2024-04-19 07:40:58'),(294,15,293,'HBGZOVVb2j (userEmail_15@gmail.com)','tEyhPP2GkP@gmail.com','4/1/1','2024-04-19 07:40:58','2024-04-19 07:40:58'),(295,15,293,'4ecSyhiv9Q (userEmail_15@gmail.com)','b90NVJCEDx@gmail.com','4/1/2','2024-04-19 07:40:58','2024-04-19 07:40:58'),(296,15,295,'HbINvcK85G (userEmail_15@gmail.com)','mqpitNYobN@gmail.com','4/1/2/1','2024-04-19 07:40:58','2024-04-19 07:40:58'),(297,15,NULL,'vDMgEFAjC7 (userEmail_15@gmail.com)','fDMiUIBnM4@gmail.com','5/1','2024-04-19 07:40:58','2024-04-19 07:40:58'),(298,15,297,'PoUElfrWFF (userEmail_15@gmail.com)','eZTcwgRmZr@gmail.com','5/1/1','2024-04-19 07:40:58','2024-04-19 07:40:58'),(299,15,297,'gyeVRJwxLw (userEmail_15@gmail.com)','ajCbV2uKK0@gmail.com','5/1/2','2024-04-19 07:40:58','2024-04-19 07:40:58'),(300,15,299,'KEh8bbgOrB (userEmail_15@gmail.com)','gk1JK6jSHS@gmail.com','5/1/2/1','2024-04-19 07:40:58','2024-04-19 07:40:58'),(301,16,NULL,'IOoUUiHAhx (userEmail_16@gmail.com)','XxN6gt367u@gmail.com','1/1','2024-04-19 07:40:58','2024-04-19 07:40:58'),(302,16,301,'RynyDmkpZH (userEmail_16@gmail.com)','eq6bHsq7g5@gmail.com','1/1/1','2024-04-19 07:40:58','2024-04-19 07:40:58'),(303,16,301,'wusUFlAF38 (userEmail_16@gmail.com)','PvrM4DPml1@gmail.com','1/1/2','2024-04-19 07:40:58','2024-04-19 07:40:58'),(304,16,303,'lzgbBmD8l7 (userEmail_16@gmail.com)','Z0ND4kiNUw@gmail.com','1/1/2/1','2024-04-19 07:40:58','2024-04-19 07:40:58'),(305,16,NULL,'TIYhukse2I (userEmail_16@gmail.com)','XpFr0SPQeA@gmail.com','2/1','2024-04-19 07:40:58','2024-04-19 07:40:58'),(306,16,305,'8qTeAO6xEy (userEmail_16@gmail.com)','6M41hju6Z2@gmail.com','2/1/1','2024-04-19 07:40:58','2024-04-19 07:40:58'),(307,16,305,'X1Vfz2ozlx (userEmail_16@gmail.com)','MEzgFWLHDc@gmail.com','2/1/2','2024-04-19 07:40:58','2024-04-19 07:40:58'),(308,16,307,'YwLsiDSQ2L (userEmail_16@gmail.com)','SmlR5pm1DW@gmail.com','2/1/2/1','2024-04-19 07:40:58','2024-04-19 07:40:58'),(309,16,NULL,'kDbPOch2os (userEmail_16@gmail.com)','DKA6LF3eab@gmail.com','3/1','2024-04-19 07:40:58','2024-04-19 07:40:58'),(310,16,309,'OrfjxQfzXR (userEmail_16@gmail.com)','gMusNfApPR@gmail.com','3/1/1','2024-04-19 07:40:58','2024-04-19 07:40:58'),(311,16,309,'71sc618T1A (userEmail_16@gmail.com)','NzekUaDTqo@gmail.com','3/1/2','2024-04-19 07:40:58','2024-04-19 07:40:58'),(312,16,311,'6yxsCdBTOK (userEmail_16@gmail.com)','LwGhKK1qrA@gmail.com','3/1/2/1','2024-04-19 07:40:58','2024-04-19 07:40:58'),(313,16,NULL,'tqmZZiF4qi (userEmail_16@gmail.com)','oR2imcf9TD@gmail.com','4/1','2024-04-19 07:40:58','2024-04-19 07:40:58'),(314,16,313,'jbz73SwEnH (userEmail_16@gmail.com)','dGOW3cTwF9@gmail.com','4/1/1','2024-04-19 07:40:58','2024-04-19 07:40:58'),(315,16,313,'SS6YRHE2Af (userEmail_16@gmail.com)','GUkB0Y46e1@gmail.com','4/1/2','2024-04-19 07:40:58','2024-04-19 07:40:58'),(316,16,315,'7frPAuoVTT (userEmail_16@gmail.com)','7YuUS8uvWM@gmail.com','4/1/2/1','2024-04-19 07:40:58','2024-04-19 07:40:58'),(317,16,NULL,'g9vbCPfCXu (userEmail_16@gmail.com)','VbgV8wotsX@gmail.com','5/1','2024-04-19 07:40:58','2024-04-19 07:40:58'),(318,16,317,'ZachRvwcr6 (userEmail_16@gmail.com)','li2yTjVjvC@gmail.com','5/1/1','2024-04-19 07:40:58','2024-04-19 07:40:58'),(319,16,317,'i3TV1jzEBs (userEmail_16@gmail.com)','HFx5r17td8@gmail.com','5/1/2','2024-04-19 07:40:58','2024-04-19 07:40:58'),(320,16,319,'cKHqtm5cpr (userEmail_16@gmail.com)','tle85mbHWf@gmail.com','5/1/2/1','2024-04-19 07:40:58','2024-04-19 07:40:58'),(321,17,NULL,'oQgwcMoUOx (userEmail_17@gmail.com)','YK37BOI2ae@gmail.com','1/1','2024-04-19 07:40:58','2024-04-19 07:40:58'),(322,17,321,'Wfr3EIVeO7 (userEmail_17@gmail.com)','isjuw79tno@gmail.com','1/1/1','2024-04-19 07:40:58','2024-04-19 07:40:58'),(323,17,321,'WZiYrMqIFg (userEmail_17@gmail.com)','6BMsMDI3Uw@gmail.com','1/1/2','2024-04-19 07:40:58','2024-04-19 07:40:58'),(324,17,323,'9LopT6YXfu (userEmail_17@gmail.com)','SL3sonZ0ua@gmail.com','1/1/2/1','2024-04-19 07:40:58','2024-04-19 07:40:58'),(325,17,NULL,'V1STzTqiA3 (userEmail_17@gmail.com)','NVyWB06HbP@gmail.com','2/1','2024-04-19 07:40:58','2024-04-19 07:40:58'),(326,17,325,'tFgvZsYAPq (userEmail_17@gmail.com)','6BCU3ZT4v2@gmail.com','2/1/1','2024-04-19 07:40:58','2024-04-19 07:40:58'),(327,17,325,'6NLujAoPri (userEmail_17@gmail.com)','o96zQaN7qe@gmail.com','2/1/2','2024-04-19 07:40:58','2024-04-19 07:40:58'),(328,17,327,'um8vvF0WxF (userEmail_17@gmail.com)','dTqITdGyjH@gmail.com','2/1/2/1','2024-04-19 07:40:58','2024-04-19 07:40:58'),(329,17,NULL,'yUZsNyalj4 (userEmail_17@gmail.com)','2ATdQtIjiQ@gmail.com','3/1','2024-04-19 07:40:58','2024-04-19 07:40:58'),(330,17,329,'7gHYSGZZ5p (userEmail_17@gmail.com)','psW3iMx4EQ@gmail.com','3/1/1','2024-04-19 07:40:58','2024-04-19 07:40:58'),(331,17,329,'saSPHrXEG4 (userEmail_17@gmail.com)','ha2dKTsK57@gmail.com','3/1/2','2024-04-19 07:40:58','2024-04-19 07:40:58'),(332,17,331,'ctXMTR0kNE (userEmail_17@gmail.com)','NhNlsRJiv4@gmail.com','3/1/2/1','2024-04-19 07:40:58','2024-04-19 07:40:58'),(333,17,NULL,'0r919EJZfh (userEmail_17@gmail.com)','HNISfsJd0v@gmail.com','4/1','2024-04-19 07:40:58','2024-04-19 07:40:58'),(334,17,333,'FLsILU48Mw (userEmail_17@gmail.com)','lVbbk8ciyV@gmail.com','4/1/1','2024-04-19 07:40:58','2024-04-19 07:40:58'),(335,17,333,'dINIw03pKl (userEmail_17@gmail.com)','yyCsg6OYt6@gmail.com','4/1/2','2024-04-19 07:40:58','2024-04-19 07:40:58'),(336,17,335,'eN1pApJ60Z (userEmail_17@gmail.com)','EdHyTtR5uP@gmail.com','4/1/2/1','2024-04-19 07:40:58','2024-04-19 07:40:58'),(337,17,NULL,'1lVxvIScNI (userEmail_17@gmail.com)','5wbgv3Wh6c@gmail.com','5/1','2024-04-19 07:40:58','2024-04-19 07:40:58'),(338,17,337,'Cbc24iekIL (userEmail_17@gmail.com)','D4SR8VQK5V@gmail.com','5/1/1','2024-04-19 07:40:58','2024-04-19 07:40:58'),(339,17,337,'ZQLnDKud9r (userEmail_17@gmail.com)','RhXRN9hGPh@gmail.com','5/1/2','2024-04-19 07:40:58','2024-04-19 07:40:58'),(340,17,339,'0ktY9PGwOx (userEmail_17@gmail.com)','qCGOFmEknu@gmail.com','5/1/2/1','2024-04-19 07:40:58','2024-04-19 07:40:58'),(341,18,NULL,'1VEveGKfec (userEmail_18@gmail.com)','mrh2M4l5jl@gmail.com','1/1','2024-04-19 07:40:58','2024-04-19 07:40:58'),(342,18,341,'qvia01CxtB (userEmail_18@gmail.com)','yvGFx6ErLK@gmail.com','1/1/1','2024-04-19 07:40:58','2024-04-19 07:40:58'),(343,18,341,'woGkNnPFdu (userEmail_18@gmail.com)','6RC1elnd43@gmail.com','1/1/2','2024-04-19 07:40:58','2024-04-19 07:40:58'),(344,18,343,'aHse4q0C0Z (userEmail_18@gmail.com)','QyH2uAjFKv@gmail.com','1/1/2/1','2024-04-19 07:40:58','2024-04-19 07:40:58'),(345,18,NULL,'rhc4PjFjVv (userEmail_18@gmail.com)','qG6GjuPUp4@gmail.com','2/1','2024-04-19 07:40:58','2024-04-19 07:40:58'),(346,18,345,'fDxa2LxJ9g (userEmail_18@gmail.com)','Kg8nldKw90@gmail.com','2/1/1','2024-04-19 07:40:58','2024-04-19 07:40:58'),(347,18,345,'Ig0rka20Rs (userEmail_18@gmail.com)','fJDe50suTx@gmail.com','2/1/2','2024-04-19 07:40:58','2024-04-19 07:40:58'),(348,18,347,'ayUPD2lbxp (userEmail_18@gmail.com)','gBhpY47hCx@gmail.com','2/1/2/1','2024-04-19 07:40:58','2024-04-19 07:40:58'),(349,18,NULL,'NDtcPOGzt8 (userEmail_18@gmail.com)','EswpoCIFZj@gmail.com','3/1','2024-04-19 07:40:58','2024-04-19 07:40:58'),(350,18,349,'TNjfJ1O4eO (userEmail_18@gmail.com)','QedlUmW27u@gmail.com','3/1/1','2024-04-19 07:40:58','2024-04-19 07:40:58'),(351,18,349,'GzFEaVdqC1 (userEmail_18@gmail.com)','L5qLnsQCVP@gmail.com','3/1/2','2024-04-19 07:40:58','2024-04-19 07:40:58'),(352,18,351,'RWvOsWGC5i (userEmail_18@gmail.com)','qIrMVSXkXt@gmail.com','3/1/2/1','2024-04-19 07:40:58','2024-04-19 07:40:58'),(353,18,NULL,'pK4f2jhtGw (userEmail_18@gmail.com)','XOp2MNOhsd@gmail.com','4/1','2024-04-19 07:40:58','2024-04-19 07:40:58'),(354,18,353,'WunaLdVzOh (userEmail_18@gmail.com)','r8AJ8OHaur@gmail.com','4/1/1','2024-04-19 07:40:58','2024-04-19 07:40:58'),(355,18,353,'g30TWevjvV (userEmail_18@gmail.com)','S55xKAqO8o@gmail.com','4/1/2','2024-04-19 07:40:58','2024-04-19 07:40:58'),(356,18,355,'TznXg43w58 (userEmail_18@gmail.com)','eK1QKhaCbC@gmail.com','4/1/2/1','2024-04-19 07:40:58','2024-04-19 07:40:58'),(357,18,NULL,'HbBp6emOXN (userEmail_18@gmail.com)','PJNj68jkNm@gmail.com','5/1','2024-04-19 07:40:58','2024-04-19 07:40:58'),(358,18,357,'QeMGfcmJtB (userEmail_18@gmail.com)','LQf42jWSX1@gmail.com','5/1/1','2024-04-19 07:40:58','2024-04-19 07:40:58'),(359,18,357,'3UyVZYqoCo (userEmail_18@gmail.com)','e0NE9MiQO0@gmail.com','5/1/2','2024-04-19 07:40:58','2024-04-19 07:40:58'),(360,18,359,'BlaUpYA8fT (userEmail_18@gmail.com)','Fj6T6P8N48@gmail.com','5/1/2/1','2024-04-19 07:40:58','2024-04-19 07:40:58'),(361,19,NULL,'BKB8tI4Yak (userEmail_19@gmail.com)','hcS1xQ8NEY@gmail.com','1/1','2024-04-19 07:40:58','2024-04-19 07:40:58'),(362,19,361,'3UAYVkI1Wv (userEmail_19@gmail.com)','RIwYeCnVoq@gmail.com','1/1/1','2024-04-19 07:40:58','2024-04-19 07:40:58'),(363,19,361,'7S4Kqyj4Vs (userEmail_19@gmail.com)','NJndyZaFdJ@gmail.com','1/1/2','2024-04-19 07:40:58','2024-04-19 07:40:58'),(364,19,363,'e8HhLFBrN6 (userEmail_19@gmail.com)','sKUIPEWpU6@gmail.com','1/1/2/1','2024-04-19 07:40:58','2024-04-19 07:40:58'),(365,19,NULL,'0uX74j0k67 (userEmail_19@gmail.com)','avMMrMkztA@gmail.com','2/1','2024-04-19 07:40:58','2024-04-19 07:40:58'),(366,19,365,'6WzZn1cPDz (userEmail_19@gmail.com)','iLNDQrcYXD@gmail.com','2/1/1','2024-04-19 07:40:58','2024-04-19 07:40:58'),(367,19,365,'JDrFrmm8iW (userEmail_19@gmail.com)','KR1e9cLXwx@gmail.com','2/1/2','2024-04-19 07:40:58','2024-04-19 07:40:58'),(368,19,367,'iJuX5KjTfx (userEmail_19@gmail.com)','FnK7frsHcK@gmail.com','2/1/2/1','2024-04-19 07:40:59','2024-04-19 07:40:59'),(369,19,NULL,'qIkxoiSrE4 (userEmail_19@gmail.com)','lo0p6VLqKg@gmail.com','3/1','2024-04-19 07:40:59','2024-04-19 07:40:59'),(370,19,369,'M7RHommlbJ (userEmail_19@gmail.com)','SGFzxb0Q3d@gmail.com','3/1/1','2024-04-19 07:40:59','2024-04-19 07:40:59'),(371,19,369,'B76KD3Da6O (userEmail_19@gmail.com)','dMuLbkoysV@gmail.com','3/1/2','2024-04-19 07:40:59','2024-04-19 07:40:59'),(372,19,371,'jTctTnKSWs (userEmail_19@gmail.com)','8O3xat8m9E@gmail.com','3/1/2/1','2024-04-19 07:40:59','2024-04-19 07:40:59'),(373,19,NULL,'WpMeI7x6ch (userEmail_19@gmail.com)','Bz7LOpQjyg@gmail.com','4/1','2024-04-19 07:40:59','2024-04-19 07:40:59'),(374,19,373,'Fv0apNvfpQ (userEmail_19@gmail.com)','Nnz24Cjgbi@gmail.com','4/1/1','2024-04-19 07:40:59','2024-04-19 07:40:59'),(375,19,373,'I8XaKUPBRX (userEmail_19@gmail.com)','HmESDtsqve@gmail.com','4/1/2','2024-04-19 07:40:59','2024-04-19 07:40:59'),(376,19,375,'D5o7K95Ufp (userEmail_19@gmail.com)','wUJqmaCMtw@gmail.com','4/1/2/1','2024-04-19 07:40:59','2024-04-19 07:40:59'),(377,19,NULL,'ecigz2yZXt (userEmail_19@gmail.com)','kMu9k8H1E2@gmail.com','5/1','2024-04-19 07:40:59','2024-04-19 07:40:59'),(378,19,377,'RwrTqofS0N (userEmail_19@gmail.com)','ZZRL4glxGg@gmail.com','5/1/1','2024-04-19 07:40:59','2024-04-19 07:40:59'),(379,19,377,'Ip8j7hcbv3 (userEmail_19@gmail.com)','BXDB8bNhwj@gmail.com','5/1/2','2024-04-19 07:40:59','2024-04-19 07:40:59'),(380,19,379,'LHYhCNhKgY (userEmail_19@gmail.com)','WRS37vDh88@gmail.com','5/1/2/1','2024-04-19 07:40:59','2024-04-19 07:40:59'),(381,20,NULL,'ls8Yox1tfu (userEmail_20@gmail.com)','8YtcdoZckF@gmail.com','1/1','2024-04-19 07:40:59','2024-04-19 07:40:59'),(382,20,381,'fB29fNjOj3 (userEmail_20@gmail.com)','Myjye2td5g@gmail.com','1/1/1','2024-04-19 07:40:59','2024-04-19 07:40:59'),(383,20,381,'6tGfcSblo8 (userEmail_20@gmail.com)','Ly9QlrxRri@gmail.com','1/1/2','2024-04-19 07:40:59','2024-04-19 07:40:59'),(384,20,383,'C6wsTDRaDp (userEmail_20@gmail.com)','WPqrDwoP2w@gmail.com','1/1/2/1','2024-04-19 07:40:59','2024-04-19 07:40:59'),(385,20,NULL,'lsmpSFyiU0 (userEmail_20@gmail.com)','2x8aSXnTj9@gmail.com','2/1','2024-04-19 07:40:59','2024-04-19 07:40:59'),(386,20,385,'G6b41SR4Mz (userEmail_20@gmail.com)','1dh0LBGmYq@gmail.com','2/1/1','2024-04-19 07:40:59','2024-04-19 07:40:59'),(387,20,385,'sFfmMtin4R (userEmail_20@gmail.com)','dDfQQghYfU@gmail.com','2/1/2','2024-04-19 07:40:59','2024-04-19 07:40:59'),(388,20,387,'5m2SLWv51Q (userEmail_20@gmail.com)','a5AJfFdtAH@gmail.com','2/1/2/1','2024-04-19 07:40:59','2024-04-19 07:40:59'),(389,20,NULL,'m2VSggQ8t8 (userEmail_20@gmail.com)','PapBqW0wxD@gmail.com','3/1','2024-04-19 07:40:59','2024-04-19 07:40:59'),(390,20,389,'V2drrn6mdE (userEmail_20@gmail.com)','rgNUVlnLKx@gmail.com','3/1/1','2024-04-19 07:40:59','2024-04-19 07:40:59'),(391,20,389,'hnvNhdWzM4 (userEmail_20@gmail.com)','LI9QpzFkDv@gmail.com','3/1/2','2024-04-19 07:40:59','2024-04-19 07:40:59'),(392,20,391,'PvW8soaFDP (userEmail_20@gmail.com)','K1mEZiKrSi@gmail.com','3/1/2/1','2024-04-19 07:40:59','2024-04-19 07:40:59'),(393,20,NULL,'iWh0T3uwMY (userEmail_20@gmail.com)','pZEKZvfHuR@gmail.com','4/1','2024-04-19 07:40:59','2024-04-19 07:40:59'),(394,20,393,'QAOnNjM9ta (userEmail_20@gmail.com)','gMc8lEOnKv@gmail.com','4/1/1','2024-04-19 07:40:59','2024-04-19 07:40:59'),(395,20,393,'o2B6v2s6nK (userEmail_20@gmail.com)','mYydWGsN8j@gmail.com','4/1/2','2024-04-19 07:40:59','2024-04-19 07:40:59'),(396,20,395,'ZKyAF6airq (userEmail_20@gmail.com)','QWbUvOuYRL@gmail.com','4/1/2/1','2024-04-19 07:40:59','2024-04-19 07:40:59'),(397,20,NULL,'qDmxeb24zu (userEmail_20@gmail.com)','Ke0NWxyIT5@gmail.com','5/1','2024-04-19 07:40:59','2024-04-19 07:40:59'),(398,20,397,'cHmAZBpOg2 (userEmail_20@gmail.com)','nas41WTPCz@gmail.com','5/1/1','2024-04-19 07:40:59','2024-04-19 07:40:59'),(399,20,397,'VYPo79lGSs (userEmail_20@gmail.com)','JGGWY7RS8f@gmail.com','5/1/2','2024-04-19 07:40:59','2024-04-19 07:40:59'),(400,20,399,'ST37omkOE8 (userEmail_20@gmail.com)','agXqEVu4jf@gmail.com','5/1/2/1','2024-04-19 07:40:59','2024-04-19 07:40:59'),(401,21,NULL,'Wsw3mcHY16 (userEmail_21@gmail.com)','ALi6DHoYYt@gmail.com','1/1','2024-04-19 07:40:59','2024-04-19 07:40:59'),(402,21,401,'TLGaXLCQKP (userEmail_21@gmail.com)','QrAFUcOUHx@gmail.com','1/1/1','2024-04-19 07:40:59','2024-04-19 07:40:59'),(403,21,401,'mfBq05fX6K (userEmail_21@gmail.com)','429oQ8v2E7@gmail.com','1/1/2','2024-04-19 07:40:59','2024-04-19 07:40:59'),(404,21,403,'cgdcQRUguR (userEmail_21@gmail.com)','6hR3axpi54@gmail.com','1/1/2/1','2024-04-19 07:40:59','2024-04-19 07:40:59'),(405,21,NULL,'ZFuGhfW81v (userEmail_21@gmail.com)','9zN3HRcPcQ@gmail.com','2/1','2024-04-19 07:40:59','2024-04-19 07:40:59'),(406,21,405,'SgHB9eyCwq (userEmail_21@gmail.com)','KZBMRLOqCB@gmail.com','2/1/1','2024-04-19 07:40:59','2024-04-19 07:40:59'),(407,21,405,'sb1iCzmrU1 (userEmail_21@gmail.com)','VPKLztwzOF@gmail.com','2/1/2','2024-04-19 07:40:59','2024-04-19 07:40:59'),(408,21,407,'8bwX9u4y17 (userEmail_21@gmail.com)','UTKqRyCXD1@gmail.com','2/1/2/1','2024-04-19 07:40:59','2024-04-19 07:40:59'),(409,21,NULL,'1rhNh0EcWK (userEmail_21@gmail.com)','HcVNws5KHb@gmail.com','3/1','2024-04-19 07:40:59','2024-04-19 07:40:59'),(410,21,409,'ry1IFCxCCV (userEmail_21@gmail.com)','DByflWORps@gmail.com','3/1/1','2024-04-19 07:40:59','2024-04-19 07:40:59'),(411,21,409,'Io1SSz5WXq (userEmail_21@gmail.com)','EkkYtRI9XF@gmail.com','3/1/2','2024-04-19 07:40:59','2024-04-19 07:40:59'),(412,21,411,'ASw36p1hSq (userEmail_21@gmail.com)','TQ1qhg9fKT@gmail.com','3/1/2/1','2024-04-19 07:40:59','2024-04-19 07:40:59'),(413,21,NULL,'y58NUv7MUM (userEmail_21@gmail.com)','BHDOm5zIcU@gmail.com','4/1','2024-04-19 07:40:59','2024-04-19 07:40:59'),(414,21,413,'iEDN99zJVs (userEmail_21@gmail.com)','nFJhl5eJHJ@gmail.com','4/1/1','2024-04-19 07:40:59','2024-04-19 07:40:59'),(415,21,413,'aAtrLIrlvt (userEmail_21@gmail.com)','DR6IhfAFXT@gmail.com','4/1/2','2024-04-19 07:40:59','2024-04-19 07:40:59'),(416,21,415,'ZN4zPDJ3UC (userEmail_21@gmail.com)','BVYxbe3knH@gmail.com','4/1/2/1','2024-04-19 07:40:59','2024-04-19 07:40:59'),(417,21,NULL,'GvpMvUU8eh (userEmail_21@gmail.com)','4GIUgnV6B8@gmail.com','5/1','2024-04-19 07:40:59','2024-04-19 07:40:59'),(418,21,417,'rUmcWxPodA (userEmail_21@gmail.com)','OZW03UnoxU@gmail.com','5/1/1','2024-04-19 07:40:59','2024-04-19 07:40:59'),(419,21,417,'ei5gv2mtBl (userEmail_21@gmail.com)','tavjZtNjYl@gmail.com','5/1/2','2024-04-19 07:40:59','2024-04-19 07:40:59'),(420,21,419,'YCR6ZEzmlG (userEmail_21@gmail.com)','Y6iOrWvTsW@gmail.com','5/1/2/1','2024-04-19 07:40:59','2024-04-19 07:40:59'),(421,22,NULL,'lr8nuXJhi7 (userEmail_22@gmail.com)','jwQnrHxXSC@gmail.com','1/1','2024-04-19 07:40:59','2024-04-19 07:40:59'),(422,22,421,'MALmadygxW (userEmail_22@gmail.com)','Rj8VuldAfv@gmail.com','1/1/1','2024-04-19 07:40:59','2024-04-19 07:40:59'),(423,22,421,'Mk0XfN0VCx (userEmail_22@gmail.com)','gJZyAlJBhz@gmail.com','1/1/2','2024-04-19 07:40:59','2024-04-19 07:40:59'),(424,22,423,'YTEfnjsqss (userEmail_22@gmail.com)','HbUMb5fNGd@gmail.com','1/1/2/1','2024-04-19 07:40:59','2024-04-19 07:40:59'),(425,22,NULL,'a1f1YDiaTn (userEmail_22@gmail.com)','GaAAxMNftV@gmail.com','2/1','2024-04-19 07:40:59','2024-04-19 07:40:59'),(426,22,425,'99zEot5fJH (userEmail_22@gmail.com)','tUs5ldkbtp@gmail.com','2/1/1','2024-04-19 07:40:59','2024-04-19 07:40:59'),(427,22,425,'gzuXZVBSrf (userEmail_22@gmail.com)','AZq1bOIdz5@gmail.com','2/1/2','2024-04-19 07:40:59','2024-04-19 07:40:59'),(428,22,427,'EAZ6wG7wLc (userEmail_22@gmail.com)','3f7KvoHjm9@gmail.com','2/1/2/1','2024-04-19 07:40:59','2024-04-19 07:40:59'),(429,22,NULL,'Xut7Z0WR3V (userEmail_22@gmail.com)','3yNwKEYLlg@gmail.com','3/1','2024-04-19 07:40:59','2024-04-19 07:40:59'),(430,22,429,'pSGoQG8D3l (userEmail_22@gmail.com)','ULGkxT3Lf3@gmail.com','3/1/1','2024-04-19 07:40:59','2024-04-19 07:40:59'),(431,22,429,'65sbTI5gv2 (userEmail_22@gmail.com)','MjoIfllsOZ@gmail.com','3/1/2','2024-04-19 07:40:59','2024-04-19 07:40:59'),(432,22,431,'9a3Wm4VngQ (userEmail_22@gmail.com)','41UopDKO6i@gmail.com','3/1/2/1','2024-04-19 07:40:59','2024-04-19 07:40:59'),(433,22,NULL,'9Hh2Zt2kxe (userEmail_22@gmail.com)','xHoBTSClhe@gmail.com','4/1','2024-04-19 07:40:59','2024-04-19 07:40:59'),(434,22,433,'Zqo2gyFJ7b (userEmail_22@gmail.com)','TlqMFO6jk1@gmail.com','4/1/1','2024-04-19 07:40:59','2024-04-19 07:40:59'),(435,22,433,'deyagi0ReH (userEmail_22@gmail.com)','JAMcHLfk0d@gmail.com','4/1/2','2024-04-19 07:40:59','2024-04-19 07:40:59'),(436,22,435,'G1MjJvn3AC (userEmail_22@gmail.com)','9gkWca5dS0@gmail.com','4/1/2/1','2024-04-19 07:40:59','2024-04-19 07:40:59'),(437,22,NULL,'jbX2Q08QEJ (userEmail_22@gmail.com)','7fcaGvThWj@gmail.com','5/1','2024-04-19 07:40:59','2024-04-19 07:40:59'),(438,22,437,'zZoEoKeGlp (userEmail_22@gmail.com)','C3uOldt9hg@gmail.com','5/1/1','2024-04-19 07:40:59','2024-04-19 07:40:59'),(439,22,437,'2WKaNj1QDY (userEmail_22@gmail.com)','3LyQzLAzEG@gmail.com','5/1/2','2024-04-19 07:40:59','2024-04-19 07:40:59'),(440,22,439,'VrINNRbm6I (userEmail_22@gmail.com)','7CggvsGXDP@gmail.com','5/1/2/1','2024-04-19 07:40:59','2024-04-19 07:40:59'),(441,23,NULL,'t2Hy2OTbPa (userEmail_23@gmail.com)','zjGgCnDZLW@gmail.com','1/1','2024-04-19 07:40:59','2024-04-19 07:40:59'),(442,23,441,'DmQoT8XqtQ (userEmail_23@gmail.com)','bdOkRKgC4D@gmail.com','1/1/1','2024-04-19 07:40:59','2024-04-19 07:40:59'),(443,23,441,'hWyoV3tm8A (userEmail_23@gmail.com)','15Rghrh7Ku@gmail.com','1/1/2','2024-04-19 07:40:59','2024-04-19 07:40:59'),(444,23,443,'IBhKvCOfuV (userEmail_23@gmail.com)','o0lgDSfkvD@gmail.com','1/1/2/1','2024-04-19 07:40:59','2024-04-19 07:40:59'),(445,23,NULL,'bxjPLVHr59 (userEmail_23@gmail.com)','metpyqjZGE@gmail.com','2/1','2024-04-19 07:40:59','2024-04-19 07:40:59'),(446,23,445,'RiOqvm13Ll (userEmail_23@gmail.com)','Jl3v2zsHDi@gmail.com','2/1/1','2024-04-19 07:40:59','2024-04-19 07:40:59'),(447,23,445,'ubPdrdwfSe (userEmail_23@gmail.com)','pDFta9SWjy@gmail.com','2/1/2','2024-04-19 07:40:59','2024-04-19 07:40:59'),(448,23,447,'hWgiIpWniE (userEmail_23@gmail.com)','69e8Q9wjvs@gmail.com','2/1/2/1','2024-04-19 07:41:00','2024-04-19 07:41:00'),(449,23,NULL,'swdjszhvLb (userEmail_23@gmail.com)','7UFFwYsqQC@gmail.com','3/1','2024-04-19 07:41:00','2024-04-19 07:41:00'),(450,23,449,'SI9EJJPdIQ (userEmail_23@gmail.com)','bvegk5hiaO@gmail.com','3/1/1','2024-04-19 07:41:00','2024-04-19 07:41:00'),(451,23,449,'N3IzmKTWuH (userEmail_23@gmail.com)','wxVZwtJLXg@gmail.com','3/1/2','2024-04-19 07:41:00','2024-04-19 07:41:00'),(452,23,451,'HSFMa9DT5b (userEmail_23@gmail.com)','bue6lb9GOS@gmail.com','3/1/2/1','2024-04-19 07:41:00','2024-04-19 07:41:00'),(453,23,NULL,'HyCw5hXZOI (userEmail_23@gmail.com)','1EFGvpehEj@gmail.com','4/1','2024-04-19 07:41:00','2024-04-19 07:41:00'),(454,23,453,'snklnfw5ea (userEmail_23@gmail.com)','eckwgHkbzo@gmail.com','4/1/1','2024-04-19 07:41:00','2024-04-19 07:41:00'),(455,23,453,'3jVktBsfos (userEmail_23@gmail.com)','iGptrGsaiL@gmail.com','4/1/2','2024-04-19 07:41:00','2024-04-19 07:41:00'),(456,23,455,'mlIBs1jbfP (userEmail_23@gmail.com)','PB2c6QGcUU@gmail.com','4/1/2/1','2024-04-19 07:41:00','2024-04-19 07:41:00'),(457,23,NULL,'6wSO5AaQvl (userEmail_23@gmail.com)','nTIFusGYwI@gmail.com','5/1','2024-04-19 07:41:00','2024-04-19 07:41:00'),(458,23,457,'CYFytuDaYd (userEmail_23@gmail.com)','Gocg5aNV18@gmail.com','5/1/1','2024-04-19 07:41:00','2024-04-19 07:41:00'),(459,23,457,'xfQ5RSUOZh (userEmail_23@gmail.com)','hsIAZaKUGH@gmail.com','5/1/2','2024-04-19 07:41:00','2024-04-19 07:41:00'),(460,23,459,'FME0yBMkJm (userEmail_23@gmail.com)','VKKoGLvb6q@gmail.com','5/1/2/1','2024-04-19 07:41:00','2024-04-19 07:41:00'),(461,24,NULL,'MP48g3BfNq (userEmail_24@gmail.com)','FCsd2alP5B@gmail.com','1/1','2024-04-19 07:41:00','2024-04-19 07:41:00'),(462,24,461,'30wKmRRrEU (userEmail_24@gmail.com)','VHzq7Rsj0I@gmail.com','1/1/1','2024-04-19 07:41:00','2024-04-19 07:41:00'),(463,24,461,'qlbVQYFTQh (userEmail_24@gmail.com)','U1Ru9UgCvi@gmail.com','1/1/2','2024-04-19 07:41:00','2024-04-19 07:41:00'),(464,24,463,'05nUK47V8S (userEmail_24@gmail.com)','blq6DQIgEc@gmail.com','1/1/2/1','2024-04-19 07:41:00','2024-04-19 07:41:00'),(465,24,NULL,'rfgPITkgC8 (userEmail_24@gmail.com)','04NPaSipab@gmail.com','2/1','2024-04-19 07:41:00','2024-04-19 07:41:00'),(466,24,465,'bUvLyrjuZJ (userEmail_24@gmail.com)','NNK6RkPY3t@gmail.com','2/1/1','2024-04-19 07:41:00','2024-04-19 07:41:00'),(467,24,465,'yGOgO6hNep (userEmail_24@gmail.com)','48pepQaQ21@gmail.com','2/1/2','2024-04-19 07:41:00','2024-04-19 07:41:00'),(468,24,467,'PcVO4BXqiC (userEmail_24@gmail.com)','jnkx4KXAzi@gmail.com','2/1/2/1','2024-04-19 07:41:00','2024-04-19 07:41:00'),(469,24,NULL,'B1CZKGUP4C (userEmail_24@gmail.com)','JpDiV59V9U@gmail.com','3/1','2024-04-19 07:41:00','2024-04-19 07:41:00'),(470,24,469,'zsbWwWCSGb (userEmail_24@gmail.com)','ie14u8hXvt@gmail.com','3/1/1','2024-04-19 07:41:00','2024-04-19 07:41:00'),(471,24,469,'CmRHLcVBnB (userEmail_24@gmail.com)','j0rOQlz2Rn@gmail.com','3/1/2','2024-04-19 07:41:00','2024-04-19 07:41:00'),(472,24,471,'9lrR3PnNvW (userEmail_24@gmail.com)','5iVh4BprKG@gmail.com','3/1/2/1','2024-04-19 07:41:00','2024-04-19 07:41:00'),(473,24,NULL,'F1YPoY5mUh (userEmail_24@gmail.com)','ZntZtUePnD@gmail.com','4/1','2024-04-19 07:41:00','2024-04-19 07:41:00'),(474,24,473,'E6sElfkKMK (userEmail_24@gmail.com)','cYsAmlW5Uk@gmail.com','4/1/1','2024-04-19 07:41:00','2024-04-19 07:41:00'),(475,24,473,'MCCPvW8eCj (userEmail_24@gmail.com)','EFpbseXA1x@gmail.com','4/1/2','2024-04-19 07:41:00','2024-04-19 07:41:00'),(476,24,475,'hWZMEosi32 (userEmail_24@gmail.com)','jrtod949TT@gmail.com','4/1/2/1','2024-04-19 07:41:00','2024-04-19 07:41:00'),(477,24,NULL,'EnqYVeenOA (userEmail_24@gmail.com)','b07XML9Xdb@gmail.com','5/1','2024-04-19 07:41:00','2024-04-19 07:41:00'),(478,24,477,'Ql6mcBMzKP (userEmail_24@gmail.com)','GlLo7YqFcM@gmail.com','5/1/1','2024-04-19 07:41:00','2024-04-19 07:41:00'),(479,24,477,'zZ3rS5FQLJ (userEmail_24@gmail.com)','5aFGOgsWNj@gmail.com','5/1/2','2024-04-19 07:41:00','2024-04-19 07:41:00'),(480,24,479,'M2y0VGGM4X (userEmail_24@gmail.com)','R9hkHOVCS2@gmail.com','5/1/2/1','2024-04-19 07:41:00','2024-04-19 07:41:00'),(481,25,NULL,'7PIFmAKm0E (userEmail_25@gmail.com)','cRP1qpVm3Q@gmail.com','1/1','2024-04-19 07:41:00','2024-04-19 07:41:00'),(482,25,481,'WjE4u7mm34 (userEmail_25@gmail.com)','IheOyxsG8u@gmail.com','1/1/1','2024-04-19 07:41:00','2024-04-19 07:41:00'),(483,25,481,'M2jrNHYWrM (userEmail_25@gmail.com)','pLDVEjg4zZ@gmail.com','1/1/2','2024-04-19 07:41:00','2024-04-19 07:41:00'),(484,25,483,'9eGDzfZP5i (userEmail_25@gmail.com)','5oi0tNvGoH@gmail.com','1/1/2/1','2024-04-19 07:41:00','2024-04-19 07:41:00'),(485,25,NULL,'SxOhCBMG8W (userEmail_25@gmail.com)','9KwS2V9tSS@gmail.com','2/1','2024-04-19 07:41:00','2024-04-19 07:41:00'),(486,25,485,'Lp1fZEs3y0 (userEmail_25@gmail.com)','4QdJJBl8ty@gmail.com','2/1/1','2024-04-19 07:41:00','2024-04-19 07:41:00'),(487,25,485,'0MqYdeZdpA (userEmail_25@gmail.com)','kljcuPTwhW@gmail.com','2/1/2','2024-04-19 07:41:00','2024-04-19 07:41:00'),(488,25,487,'InyIsgrk9K (userEmail_25@gmail.com)','k8eTYUu56o@gmail.com','2/1/2/1','2024-04-19 07:41:00','2024-04-19 07:41:00'),(489,25,NULL,'1oh3nbLXJK (userEmail_25@gmail.com)','lRty1vUWIi@gmail.com','3/1','2024-04-19 07:41:00','2024-04-19 07:41:00'),(490,25,489,'GCfraKhKXK (userEmail_25@gmail.com)','n09sQRHULO@gmail.com','3/1/1','2024-04-19 07:41:00','2024-04-19 07:41:00'),(491,25,489,'zMYnhZDJnk (userEmail_25@gmail.com)','dE188FlRar@gmail.com','3/1/2','2024-04-19 07:41:00','2024-04-19 07:41:00'),(492,25,491,'zmANrU92cR (userEmail_25@gmail.com)','mB9GGS8hW0@gmail.com','3/1/2/1','2024-04-19 07:41:00','2024-04-19 07:41:00'),(493,25,NULL,'i9TO0z1pFg (userEmail_25@gmail.com)','ejlwJDJXB2@gmail.com','4/1','2024-04-19 07:41:00','2024-04-19 07:41:00'),(494,25,493,'q5EXzrmM9c (userEmail_25@gmail.com)','KF7ltLaUDh@gmail.com','4/1/1','2024-04-19 07:41:00','2024-04-19 07:41:00'),(495,25,493,'Ta4HpzCbg3 (userEmail_25@gmail.com)','TaLSoN4lnI@gmail.com','4/1/2','2024-04-19 07:41:00','2024-04-19 07:41:00'),(496,25,495,'5s4pRh7b5M (userEmail_25@gmail.com)','uboYMWmtU8@gmail.com','4/1/2/1','2024-04-19 07:41:00','2024-04-19 07:41:00'),(497,25,NULL,'ZDNxO6r8Pz (userEmail_25@gmail.com)','XtYwMQwGUd@gmail.com','5/1','2024-04-19 07:41:00','2024-04-19 07:41:00'),(498,25,497,'JqR6odkapn (userEmail_25@gmail.com)','U9AxLLZS7M@gmail.com','5/1/1','2024-04-19 07:41:00','2024-04-19 07:41:00'),(499,25,497,'axbxU8YrfD (userEmail_25@gmail.com)','MB2n60fsNG@gmail.com','5/1/2','2024-04-19 07:41:00','2024-04-19 07:41:00'),(500,25,499,'Y1c5tlh4ym (userEmail_25@gmail.com)','MRbkgXuVE5@gmail.com','5/1/2/1','2024-04-19 07:41:00','2024-04-19 07:41:00'),(501,26,NULL,'ItiR0C871L (userEmail_26@gmail.com)','e81ARzl5xO@gmail.com','1/1','2024-04-19 07:41:00','2024-04-19 07:41:00'),(502,26,501,'3rr2r6sUt3 (userEmail_26@gmail.com)','iXHkOGP21O@gmail.com','1/1/1','2024-04-19 07:41:00','2024-04-19 07:41:00'),(503,26,501,'A050K4taAu (userEmail_26@gmail.com)','GQwn0o30ng@gmail.com','1/1/2','2024-04-19 07:41:00','2024-04-19 07:41:00'),(504,26,503,'ACBIU9m7uv (userEmail_26@gmail.com)','78Jajr0lN9@gmail.com','1/1/2/1','2024-04-19 07:41:00','2024-04-19 07:41:00'),(505,26,NULL,'sVLM6cOmAJ (userEmail_26@gmail.com)','WpYGFdbd2b@gmail.com','2/1','2024-04-19 07:41:00','2024-04-19 07:41:00'),(506,26,505,'YIxjr3Z0l0 (userEmail_26@gmail.com)','sx6KZnG4hG@gmail.com','2/1/1','2024-04-19 07:41:00','2024-04-19 07:41:00'),(507,26,505,'X3vfFFpHRW (userEmail_26@gmail.com)','zDG0ivz9L2@gmail.com','2/1/2','2024-04-19 07:41:00','2024-04-19 07:41:00'),(508,26,507,'Y55mhHfwE7 (userEmail_26@gmail.com)','gjlJKkONb3@gmail.com','2/1/2/1','2024-04-19 07:41:00','2024-04-19 07:41:00'),(509,26,NULL,'MGBBbg5sm6 (userEmail_26@gmail.com)','OfKYfnHaiC@gmail.com','3/1','2024-04-19 07:41:00','2024-04-19 07:41:00'),(510,26,509,'nTz9LY1ESh (userEmail_26@gmail.com)','f0mJikX5F0@gmail.com','3/1/1','2024-04-19 07:41:00','2024-04-19 07:41:00'),(511,26,509,'5cTS8sSAaw (userEmail_26@gmail.com)','s4Vra8DL0v@gmail.com','3/1/2','2024-04-19 07:41:00','2024-04-19 07:41:00'),(512,26,511,'W9l5j5K6ef (userEmail_26@gmail.com)','MvG8CNoXFo@gmail.com','3/1/2/1','2024-04-19 07:41:00','2024-04-19 07:41:00'),(513,26,NULL,'esNyFeb74d (userEmail_26@gmail.com)','O07iRsiWzq@gmail.com','4/1','2024-04-19 07:41:00','2024-04-19 07:41:00'),(514,26,513,'2qUqDGFY2u (userEmail_26@gmail.com)','QmHoaXI4lM@gmail.com','4/1/1','2024-04-19 07:41:00','2024-04-19 07:41:00'),(515,26,513,'GtrStFG8pg (userEmail_26@gmail.com)','lBWEqRDV8g@gmail.com','4/1/2','2024-04-19 07:41:00','2024-04-19 07:41:00'),(516,26,515,'zdcnHRTXp6 (userEmail_26@gmail.com)','MVCEH5kqnE@gmail.com','4/1/2/1','2024-04-19 07:41:00','2024-04-19 07:41:00'),(517,26,NULL,'BgYBRc7JxO (userEmail_26@gmail.com)','Yp0AERyLKU@gmail.com','5/1','2024-04-19 07:41:00','2024-04-19 07:41:00'),(518,26,517,'jKdPG5FmkF (userEmail_26@gmail.com)','O0u8qiIXId@gmail.com','5/1/1','2024-04-19 07:41:00','2024-04-19 07:41:00'),(519,26,517,'kgzShA5TqS (userEmail_26@gmail.com)','thsQbKwg3m@gmail.com','5/1/2','2024-04-19 07:41:00','2024-04-19 07:41:00'),(520,26,519,'IX7uO8uk24 (userEmail_26@gmail.com)','MsyKbnhwaF@gmail.com','5/1/2/1','2024-04-19 07:41:00','2024-04-19 07:41:00'),(521,27,NULL,'f1Y7AX74sr (userEmail_27@gmail.com)','Fix9icWfqw@gmail.com','1/1','2024-04-19 07:41:00','2024-04-19 07:41:00'),(522,27,521,'Vpk8FpYW4n (userEmail_27@gmail.com)','eNI9riECa3@gmail.com','1/1/1','2024-04-19 07:41:00','2024-04-19 07:41:00'),(523,27,521,'92SO8GzdOe (userEmail_27@gmail.com)','mI4oa4DYQU@gmail.com','1/1/2','2024-04-19 07:41:00','2024-04-19 07:41:00'),(524,27,523,'TwYrcAWRdN (userEmail_27@gmail.com)','OWv6aAjzj9@gmail.com','1/1/2/1','2024-04-19 07:41:00','2024-04-19 07:41:00'),(525,27,NULL,'K8rN5umVTU (userEmail_27@gmail.com)','BtBrRi9zpk@gmail.com','2/1','2024-04-19 07:41:00','2024-04-19 07:41:00'),(526,27,525,'g936GzvDcj (userEmail_27@gmail.com)','rLYRQ5LkKC@gmail.com','2/1/1','2024-04-19 07:41:00','2024-04-19 07:41:00'),(527,27,525,'elzPHJiS2X (userEmail_27@gmail.com)','3sKs785sJ9@gmail.com','2/1/2','2024-04-19 07:41:00','2024-04-19 07:41:00'),(528,27,527,'O7WlHGGIUG (userEmail_27@gmail.com)','Qo91aod8lF@gmail.com','2/1/2/1','2024-04-19 07:41:00','2024-04-19 07:41:00'),(529,27,NULL,'Hn9IMhC5bB (userEmail_27@gmail.com)','V8Jbxzh0Qz@gmail.com','3/1','2024-04-19 07:41:00','2024-04-19 07:41:00'),(530,27,529,'HFf57B33jH (userEmail_27@gmail.com)','1f19aVPAX5@gmail.com','3/1/1','2024-04-19 07:41:00','2024-04-19 07:41:00'),(531,27,529,'RcSMhMLWej (userEmail_27@gmail.com)','M1j6ucuSKI@gmail.com','3/1/2','2024-04-19 07:41:00','2024-04-19 07:41:00'),(532,27,531,'lJQzuorupG (userEmail_27@gmail.com)','LASVW3zBWs@gmail.com','3/1/2/1','2024-04-19 07:41:00','2024-04-19 07:41:00'),(533,27,NULL,'GPR5kcWtoO (userEmail_27@gmail.com)','peWniZfcOn@gmail.com','4/1','2024-04-19 07:41:00','2024-04-19 07:41:00'),(534,27,533,'KT36nOYId9 (userEmail_27@gmail.com)','6YQA8a9PlS@gmail.com','4/1/1','2024-04-19 07:41:00','2024-04-19 07:41:00'),(535,27,533,'Qvsp2na0zh (userEmail_27@gmail.com)','5tTEQln7s6@gmail.com','4/1/2','2024-04-19 07:41:00','2024-04-19 07:41:00'),(536,27,535,'EWONYfXiYi (userEmail_27@gmail.com)','0uZoyqlId2@gmail.com','4/1/2/1','2024-04-19 07:41:00','2024-04-19 07:41:00'),(537,27,NULL,'mSXuvCWQVl (userEmail_27@gmail.com)','w4qWgNI6JD@gmail.com','5/1','2024-04-19 07:41:00','2024-04-19 07:41:00'),(538,27,537,'F7LXCI3vMH (userEmail_27@gmail.com)','LcjYhHLL4b@gmail.com','5/1/1','2024-04-19 07:41:00','2024-04-19 07:41:00'),(539,27,537,'oD7Kder4t5 (userEmail_27@gmail.com)','MlDxvSc8a8@gmail.com','5/1/2','2024-04-19 07:41:00','2024-04-19 07:41:00'),(540,27,539,'aXEzQlVHuy (userEmail_27@gmail.com)','q28dEzCrz5@gmail.com','5/1/2/1','2024-04-19 07:41:00','2024-04-19 07:41:00'),(541,28,NULL,'eKX0378uOP (userEmail_28@gmail.com)','9ubaflanCN@gmail.com','1/1','2024-04-19 07:41:01','2024-04-19 07:41:01'),(542,28,541,'2fU6hiFkWD (userEmail_28@gmail.com)','GN1ZrjzILc@gmail.com','1/1/1','2024-04-19 07:41:01','2024-04-19 07:41:01'),(543,28,541,'RgiMnJtnik (userEmail_28@gmail.com)','SFrqJA0ZEN@gmail.com','1/1/2','2024-04-19 07:41:01','2024-04-19 07:41:01'),(544,28,543,'Ei03KOINnG (userEmail_28@gmail.com)','KzIWHawb0D@gmail.com','1/1/2/1','2024-04-19 07:41:01','2024-04-19 07:41:01'),(545,28,NULL,'9kQf0Ktmkb (userEmail_28@gmail.com)','GKYDcOo12J@gmail.com','2/1','2024-04-19 07:41:01','2024-04-19 07:41:01'),(546,28,545,'HoOsgeVtyR (userEmail_28@gmail.com)','4ox5A9cdLp@gmail.com','2/1/1','2024-04-19 07:41:01','2024-04-19 07:41:01'),(547,28,545,'DvVFBQuulQ (userEmail_28@gmail.com)','YZHvEUqU1k@gmail.com','2/1/2','2024-04-19 07:41:01','2024-04-19 07:41:01'),(548,28,547,'QZZfM3SEKY (userEmail_28@gmail.com)','XT2pjCz1m7@gmail.com','2/1/2/1','2024-04-19 07:41:01','2024-04-19 07:41:01'),(549,28,NULL,'FxUdLMAsDa (userEmail_28@gmail.com)','c2zYMiHMvE@gmail.com','3/1','2024-04-19 07:41:01','2024-04-19 07:41:01'),(550,28,549,'WFJgWTwVhi (userEmail_28@gmail.com)','AiJ0Uz0hem@gmail.com','3/1/1','2024-04-19 07:41:01','2024-04-19 07:41:01'),(551,28,549,'t5FHVumi2m (userEmail_28@gmail.com)','c6779NUMJ5@gmail.com','3/1/2','2024-04-19 07:41:01','2024-04-19 07:41:01'),(552,28,551,'J6Pi9Eb0hf (userEmail_28@gmail.com)','ugU7xW3Hmn@gmail.com','3/1/2/1','2024-04-19 07:41:01','2024-04-19 07:41:01'),(553,28,NULL,'ZR8zZKSs5L (userEmail_28@gmail.com)','RLMoDieALX@gmail.com','4/1','2024-04-19 07:41:01','2024-04-19 07:41:01'),(554,28,553,'jQWb0C0ErF (userEmail_28@gmail.com)','jivpsQ4T2T@gmail.com','4/1/1','2024-04-19 07:41:01','2024-04-19 07:41:01'),(555,28,553,'4Y8XiMlHoE (userEmail_28@gmail.com)','lYbqe9VugL@gmail.com','4/1/2','2024-04-19 07:41:01','2024-04-19 07:41:01'),(556,28,555,'hYRlivHa7w (userEmail_28@gmail.com)','L1DkulFrNL@gmail.com','4/1/2/1','2024-04-19 07:41:01','2024-04-19 07:41:01'),(557,28,NULL,'1h3RLkHSdP (userEmail_28@gmail.com)','OQQgFSInx3@gmail.com','5/1','2024-04-19 07:41:01','2024-04-19 07:41:01'),(558,28,557,'oLELspPI0I (userEmail_28@gmail.com)','tb3z8xiefn@gmail.com','5/1/1','2024-04-19 07:41:01','2024-04-19 07:41:01'),(559,28,557,'Pzv4Gqmysd (userEmail_28@gmail.com)','vau4rwW8A0@gmail.com','5/1/2','2024-04-19 07:41:01','2024-04-19 07:41:01'),(560,28,559,'qZTQUSuQLc (userEmail_28@gmail.com)','j4HMN1u7S5@gmail.com','5/1/2/1','2024-04-19 07:41:01','2024-04-19 07:41:01'),(561,29,NULL,'VzERNjQWuA (userEmail_29@gmail.com)','60lkGGjU46@gmail.com','1/1','2024-04-19 07:41:01','2024-04-19 07:41:01'),(562,29,561,'2vizs3vhRK (userEmail_29@gmail.com)','QQFz1EYpTW@gmail.com','1/1/1','2024-04-19 07:41:01','2024-04-19 07:41:01'),(563,29,561,'TIPcJauSaC (userEmail_29@gmail.com)','jZunJIe4Af@gmail.com','1/1/2','2024-04-19 07:41:01','2024-04-19 07:41:01'),(564,29,563,'T8QHNBeY80 (userEmail_29@gmail.com)','geIPqZ2GWJ@gmail.com','1/1/2/1','2024-04-19 07:41:01','2024-04-19 07:41:01'),(565,29,NULL,'SpyoU5XjRX (userEmail_29@gmail.com)','jq1dTCvELV@gmail.com','2/1','2024-04-19 07:41:01','2024-04-19 07:41:01'),(566,29,565,'JmY3AzL1bo (userEmail_29@gmail.com)','m4IUtT2qxR@gmail.com','2/1/1','2024-04-19 07:41:01','2024-04-19 07:41:01'),(567,29,565,'hILH5mlwPh (userEmail_29@gmail.com)','97aSEzDJvg@gmail.com','2/1/2','2024-04-19 07:41:01','2024-04-19 07:41:01'),(568,29,567,'1qn1pTNNzF (userEmail_29@gmail.com)','hqo9LsJbg7@gmail.com','2/1/2/1','2024-04-19 07:41:01','2024-04-19 07:41:01'),(569,29,NULL,'nc6UEL22j3 (userEmail_29@gmail.com)','MHwAx1Mjnz@gmail.com','3/1','2024-04-19 07:41:01','2024-04-19 07:41:01'),(570,29,569,'6OUg7sEWJa (userEmail_29@gmail.com)','T5tgyLynhs@gmail.com','3/1/1','2024-04-19 07:41:01','2024-04-19 07:41:01'),(571,29,569,'cX78PXFjpC (userEmail_29@gmail.com)','AaZbTdgx5w@gmail.com','3/1/2','2024-04-19 07:41:01','2024-04-19 07:41:01'),(572,29,571,'zI2xbGiy8U (userEmail_29@gmail.com)','vCZHUnYy06@gmail.com','3/1/2/1','2024-04-19 07:41:01','2024-04-19 07:41:01'),(573,29,NULL,'kyos6myIiL (userEmail_29@gmail.com)','zsTIC2zyJ5@gmail.com','4/1','2024-04-19 07:41:01','2024-04-19 07:41:01'),(574,29,573,'OhpBApTbiu (userEmail_29@gmail.com)','ePTKFoOmfZ@gmail.com','4/1/1','2024-04-19 07:41:01','2024-04-19 07:41:01'),(575,29,573,'2vyzB2yr5t (userEmail_29@gmail.com)','DTYeTuzvB3@gmail.com','4/1/2','2024-04-19 07:41:01','2024-04-19 07:41:01'),(576,29,575,'P1sBA4LUwu (userEmail_29@gmail.com)','EyJTxb1OFq@gmail.com','4/1/2/1','2024-04-19 07:41:01','2024-04-19 07:41:01'),(577,29,NULL,'quMdAsK7iO (userEmail_29@gmail.com)','2NwZtl0yqC@gmail.com','5/1','2024-04-19 07:41:01','2024-04-19 07:41:01'),(578,29,577,'IDAPRMgmaj (userEmail_29@gmail.com)','79BrqU8XbZ@gmail.com','5/1/1','2024-04-19 07:41:01','2024-04-19 07:41:01'),(579,29,577,'dPhDLCdqBB (userEmail_29@gmail.com)','gO40oBMteA@gmail.com','5/1/2','2024-04-19 07:41:01','2024-04-19 07:41:01'),(580,29,579,'j0TiqccvTU (userEmail_29@gmail.com)','ccG6AxAdHh@gmail.com','5/1/2/1','2024-04-19 07:41:01','2024-04-19 07:41:01'),(581,30,NULL,'p7xp5HWbt7 (userEmail_30@gmail.com)','SOBrCATWLb@gmail.com','1/1','2024-04-19 07:41:01','2024-04-19 07:41:01'),(582,30,581,'JAjB6NMIl5 (userEmail_30@gmail.com)','iclbeeuq5e@gmail.com','1/1/1','2024-04-19 07:41:01','2024-04-19 07:41:01'),(583,30,581,'FcG3IRc60X (userEmail_30@gmail.com)','mtVjgvtrn4@gmail.com','1/1/2','2024-04-19 07:41:01','2024-04-19 07:41:01'),(584,30,583,'ydZh5K2MtT (userEmail_30@gmail.com)','FZtj0NquSn@gmail.com','1/1/2/1','2024-04-19 07:41:01','2024-04-19 07:41:01'),(585,30,NULL,'yzarUXD5tC (userEmail_30@gmail.com)','eXjv4D7TVR@gmail.com','2/1','2024-04-19 07:41:01','2024-04-19 07:41:01'),(586,30,585,'tNEQpkGtOK (userEmail_30@gmail.com)','qmAoHfGm20@gmail.com','2/1/1','2024-04-19 07:41:01','2024-04-19 07:41:01'),(587,30,585,'re3bYo9DIv (userEmail_30@gmail.com)','SgMjFaRDNf@gmail.com','2/1/2','2024-04-19 07:41:01','2024-04-19 07:41:01'),(588,30,587,'d8Nf106paP (userEmail_30@gmail.com)','NNzsROhOmC@gmail.com','2/1/2/1','2024-04-19 07:41:01','2024-04-19 07:41:01'),(589,30,NULL,'WFYnhwi1po (userEmail_30@gmail.com)','gaT18pfQsB@gmail.com','3/1','2024-04-19 07:41:01','2024-04-19 07:41:01'),(590,30,589,'dE6uwS3zF7 (userEmail_30@gmail.com)','JMh1XqIJhT@gmail.com','3/1/1','2024-04-19 07:41:01','2024-04-19 07:41:01'),(591,30,589,'HjcSY0uhOD (userEmail_30@gmail.com)','vjzb35CU4N@gmail.com','3/1/2','2024-04-19 07:41:01','2024-04-19 07:41:01'),(592,30,591,'XILpizNags (userEmail_30@gmail.com)','pa99GjLKt2@gmail.com','3/1/2/1','2024-04-19 07:41:01','2024-04-19 07:41:01'),(593,30,NULL,'aQU8DVuFgj (userEmail_30@gmail.com)','EP5trZ0bJf@gmail.com','4/1','2024-04-19 07:41:01','2024-04-19 07:41:01'),(594,30,593,'6j5ZDldC0r (userEmail_30@gmail.com)','ZRjK4cFnBS@gmail.com','4/1/1','2024-04-19 07:41:01','2024-04-19 07:41:01'),(595,30,593,'fyIKDA6X3n (userEmail_30@gmail.com)','CDCDKUDVV3@gmail.com','4/1/2','2024-04-19 07:41:01','2024-04-19 07:41:01'),(596,30,595,'cVdyYNgQzr (userEmail_30@gmail.com)','IAKNIbNR1W@gmail.com','4/1/2/1','2024-04-19 07:41:01','2024-04-19 07:41:01'),(597,30,NULL,'nqI2nQOG0J (userEmail_30@gmail.com)','lhysdNkWnX@gmail.com','5/1','2024-04-19 07:41:01','2024-04-19 07:41:01'),(598,30,597,'BC8be3VVCE (userEmail_30@gmail.com)','aMtP1OgJAL@gmail.com','5/1/1','2024-04-19 07:41:01','2024-04-19 07:41:01'),(599,30,597,'SfJ6RygFdS (userEmail_30@gmail.com)','eN5Zq0jtWe@gmail.com','5/1/2','2024-04-19 07:41:01','2024-04-19 07:41:01'),(600,30,599,'5TRT6yBVwH (userEmail_30@gmail.com)','EElRflMXmA@gmail.com','5/1/2/1','2024-04-19 07:41:01','2024-04-19 07:41:01'),(601,31,NULL,'G0WNdt4xSO (userEmail_31@gmail.com)','RlO0cFOFy6@gmail.com','1/1','2024-04-19 07:41:01','2024-04-19 07:41:01'),(602,31,601,'0J8iiRMZJK (userEmail_31@gmail.com)','85BOkiRHUB@gmail.com','1/1/1','2024-04-19 07:41:01','2024-04-19 07:41:01'),(603,31,601,'clrjTofafZ (userEmail_31@gmail.com)','vpVSP12WcE@gmail.com','1/1/2','2024-04-19 07:41:01','2024-04-19 07:41:01'),(604,31,603,'x79GuUOcnX (userEmail_31@gmail.com)','jt8uH7apxP@gmail.com','1/1/2/1','2024-04-19 07:41:01','2024-04-19 07:41:01'),(605,31,NULL,'vZPDfTZZZI (userEmail_31@gmail.com)','rgSlyp8FhM@gmail.com','2/1','2024-04-19 07:41:01','2024-04-19 07:41:01'),(606,31,605,'DMfJd7pHlk (userEmail_31@gmail.com)','UXjuCiBEgy@gmail.com','2/1/1','2024-04-19 07:41:01','2024-04-19 07:41:01'),(607,31,605,'f0YxX0YPiS (userEmail_31@gmail.com)','gB5749Kfpw@gmail.com','2/1/2','2024-04-19 07:41:01','2024-04-19 07:41:01'),(608,31,607,'ZiWjMYuvNo (userEmail_31@gmail.com)','2Dd3LOBfpU@gmail.com','2/1/2/1','2024-04-19 07:41:01','2024-04-19 07:41:01'),(609,31,NULL,'Ko2uTKDgsJ (userEmail_31@gmail.com)','2iMFz0XHby@gmail.com','3/1','2024-04-19 07:41:01','2024-04-19 07:41:01'),(610,31,609,'fEoGyvAKTu (userEmail_31@gmail.com)','7AWv3P3jrV@gmail.com','3/1/1','2024-04-19 07:41:01','2024-04-19 07:41:01'),(611,31,609,'GTIV1PDser (userEmail_31@gmail.com)','8PkC88p1LB@gmail.com','3/1/2','2024-04-19 07:41:01','2024-04-19 07:41:01'),(612,31,611,'r1zkJKggt6 (userEmail_31@gmail.com)','nebUfBHegh@gmail.com','3/1/2/1','2024-04-19 07:41:01','2024-04-19 07:41:01'),(613,31,NULL,'NTnewHTTX0 (userEmail_31@gmail.com)','3KKfKC03fo@gmail.com','4/1','2024-04-19 07:41:01','2024-04-19 07:41:01'),(614,31,613,'Bb2Ejvsom5 (userEmail_31@gmail.com)','kz0iXiqRU3@gmail.com','4/1/1','2024-04-19 07:41:01','2024-04-19 07:41:01'),(615,31,613,'eUzroI1ofd (userEmail_31@gmail.com)','jT92Xt5avB@gmail.com','4/1/2','2024-04-19 07:41:01','2024-04-19 07:41:01'),(616,31,615,'22QGhU1G5O (userEmail_31@gmail.com)','d5zMvjaUwP@gmail.com','4/1/2/1','2024-04-19 07:41:01','2024-04-19 07:41:01'),(617,31,NULL,'PsDzmIVXii (userEmail_31@gmail.com)','TVFEoaKZ3U@gmail.com','5/1','2024-04-19 07:41:01','2024-04-19 07:41:01'),(618,31,617,'VVCy8D5FF7 (userEmail_31@gmail.com)','AbXCZCJR0b@gmail.com','5/1/1','2024-04-19 07:41:01','2024-04-19 07:41:01'),(619,31,617,'LVNZGzA2yH (userEmail_31@gmail.com)','ffaVpps2NV@gmail.com','5/1/2','2024-04-19 07:41:01','2024-04-19 07:41:01'),(620,31,619,'YEcwOyHe5x (userEmail_31@gmail.com)','2kRHmkGDvW@gmail.com','5/1/2/1','2024-04-19 07:41:01','2024-04-19 07:41:01'),(621,32,NULL,'JTyhCRiBZQ (userEmail_32@gmail.com)','tckNvPEoAE@gmail.com','1/1','2024-04-19 07:41:01','2024-04-19 07:41:01'),(622,32,621,'HP5OEIpL3K (userEmail_32@gmail.com)','WxkILZ90sQ@gmail.com','1/1/1','2024-04-19 07:41:01','2024-04-19 07:41:01'),(623,32,621,'lNWMEMQ9jW (userEmail_32@gmail.com)','09VUJnVrvK@gmail.com','1/1/2','2024-04-19 07:41:01','2024-04-19 07:41:01'),(624,32,623,'wv9RDhLj4z (userEmail_32@gmail.com)','odtZPUOsPK@gmail.com','1/1/2/1','2024-04-19 07:41:01','2024-04-19 07:41:01'),(625,32,NULL,'QCLClfMrW4 (userEmail_32@gmail.com)','qOkcvn6qIL@gmail.com','2/1','2024-04-19 07:41:01','2024-04-19 07:41:01'),(626,32,625,'f9t9UV3A8f (userEmail_32@gmail.com)','zopMxpQNoh@gmail.com','2/1/1','2024-04-19 07:41:01','2024-04-19 07:41:01'),(627,32,625,'nYZthQjqw2 (userEmail_32@gmail.com)','lUD9yWvWZH@gmail.com','2/1/2','2024-04-19 07:41:01','2024-04-19 07:41:01'),(628,32,627,'RjjDLPg2HP (userEmail_32@gmail.com)','t96QwALYtN@gmail.com','2/1/2/1','2024-04-19 07:41:02','2024-04-19 07:41:02'),(629,32,NULL,'Ev6sSYy4F3 (userEmail_32@gmail.com)','aSUknWKxYW@gmail.com','3/1','2024-04-19 07:41:02','2024-04-19 07:41:02'),(630,32,629,'3rKXu3X39k (userEmail_32@gmail.com)','41wLOH59G9@gmail.com','3/1/1','2024-04-19 07:41:02','2024-04-19 07:41:02'),(631,32,629,'ictVuvsfF9 (userEmail_32@gmail.com)','G2k0qcduDe@gmail.com','3/1/2','2024-04-19 07:41:02','2024-04-19 07:41:02'),(632,32,631,'NY0GoB1hn6 (userEmail_32@gmail.com)','ZZc1lluH1q@gmail.com','3/1/2/1','2024-04-19 07:41:02','2024-04-19 07:41:02'),(633,32,NULL,'0p0gw2RjvV (userEmail_32@gmail.com)','zPVj7irlb8@gmail.com','4/1','2024-04-19 07:41:02','2024-04-19 07:41:02'),(634,32,633,'hXw3Jkmbsd (userEmail_32@gmail.com)','S0F6LGneZH@gmail.com','4/1/1','2024-04-19 07:41:02','2024-04-19 07:41:02'),(635,32,633,'Hh3bmwz9JV (userEmail_32@gmail.com)','xyUXlN4ZMX@gmail.com','4/1/2','2024-04-19 07:41:02','2024-04-19 07:41:02'),(636,32,635,'RWqm50XEv9 (userEmail_32@gmail.com)','6yiM6TzE8v@gmail.com','4/1/2/1','2024-04-19 07:41:02','2024-04-19 07:41:02'),(637,32,NULL,'iblImB1GrH (userEmail_32@gmail.com)','JQoeJQFEUH@gmail.com','5/1','2024-04-19 07:41:02','2024-04-19 07:41:02'),(638,32,637,'ZahR4JMQjF (userEmail_32@gmail.com)','oIjAdm7ZT0@gmail.com','5/1/1','2024-04-19 07:41:02','2024-04-19 07:41:02'),(639,32,637,'fEznJdv22H (userEmail_32@gmail.com)','0sEY9C55ov@gmail.com','5/1/2','2024-04-19 07:41:02','2024-04-19 07:41:02'),(640,32,639,'eZbdwlQ2D5 (userEmail_32@gmail.com)','NmUJGAJizC@gmail.com','5/1/2/1','2024-04-19 07:41:02','2024-04-19 07:41:02'),(641,33,NULL,'a3OGLFzPIT (userEmail_33@gmail.com)','KnTOfMd1u3@gmail.com','1/1','2024-04-19 07:41:02','2024-04-19 07:41:02'),(642,33,641,'LREIcngV2i (userEmail_33@gmail.com)','ZGJJ6FGFIi@gmail.com','1/1/1','2024-04-19 07:41:02','2024-04-19 07:41:02'),(643,33,641,'uLbb0aHWNQ (userEmail_33@gmail.com)','i32IfBDD5O@gmail.com','1/1/2','2024-04-19 07:41:02','2024-04-19 07:41:02'),(644,33,643,'xRp2beABZ3 (userEmail_33@gmail.com)','1jgwjN4upc@gmail.com','1/1/2/1','2024-04-19 07:41:02','2024-04-19 07:41:02'),(645,33,NULL,'PIk5VjbwmZ (userEmail_33@gmail.com)','HPQ7keGKie@gmail.com','2/1','2024-04-19 07:41:02','2024-04-19 07:41:02'),(646,33,645,'ScR1zqr1WQ (userEmail_33@gmail.com)','SiumshuCFE@gmail.com','2/1/1','2024-04-19 07:41:02','2024-04-19 07:41:02'),(647,33,645,'tiS3GLO7YY (userEmail_33@gmail.com)','Ng1QXOTqm9@gmail.com','2/1/2','2024-04-19 07:41:02','2024-04-19 07:41:02'),(648,33,647,'fB5Ys3uLjv (userEmail_33@gmail.com)','VMOxFMOvu7@gmail.com','2/1/2/1','2024-04-19 07:41:02','2024-04-19 07:41:02'),(649,33,NULL,'c96HWh4tzh (userEmail_33@gmail.com)','R0wQVL5ymf@gmail.com','3/1','2024-04-19 07:41:02','2024-04-19 07:41:02'),(650,33,649,'bBPzM46H9U (userEmail_33@gmail.com)','EN99CvyRbt@gmail.com','3/1/1','2024-04-19 07:41:02','2024-04-19 07:41:02'),(651,33,649,'GlRmSYFE2D (userEmail_33@gmail.com)','eqowGojBHt@gmail.com','3/1/2','2024-04-19 07:41:02','2024-04-19 07:41:02'),(652,33,651,'qHf2AGGIIB (userEmail_33@gmail.com)','6jaNKkJuOz@gmail.com','3/1/2/1','2024-04-19 07:41:02','2024-04-19 07:41:02'),(653,33,NULL,'a0d7LyQ1aC (userEmail_33@gmail.com)','1OLNoUEjSn@gmail.com','4/1','2024-04-19 07:41:02','2024-04-19 07:41:02'),(654,33,653,'Fk28p9ISFt (userEmail_33@gmail.com)','VdBVcg9rK0@gmail.com','4/1/1','2024-04-19 07:41:02','2024-04-19 07:41:02'),(655,33,653,'gC9zHRUjhX (userEmail_33@gmail.com)','CNA48wLDET@gmail.com','4/1/2','2024-04-19 07:41:02','2024-04-19 07:41:02'),(656,33,655,'UNQc1JfxR4 (userEmail_33@gmail.com)','0wyZl8zG1U@gmail.com','4/1/2/1','2024-04-19 07:41:02','2024-04-19 07:41:02'),(657,33,NULL,'fdi1sCgMlH (userEmail_33@gmail.com)','WhDLOYwFQQ@gmail.com','5/1','2024-04-19 07:41:02','2024-04-19 07:41:02'),(658,33,657,'qZ4JnWJOz5 (userEmail_33@gmail.com)','A8y77jtjyu@gmail.com','5/1/1','2024-04-19 07:41:02','2024-04-19 07:41:02'),(659,33,657,'xrwSe1Gs8w (userEmail_33@gmail.com)','Cj4IeYCixI@gmail.com','5/1/2','2024-04-19 07:41:02','2024-04-19 07:41:02'),(660,33,659,'GzqgDOso9I (userEmail_33@gmail.com)','7WW1fGHGym@gmail.com','5/1/2/1','2024-04-19 07:41:02','2024-04-19 07:41:02'),(661,34,NULL,'FF1cGy2kZv (userEmail_34@gmail.com)','lvBEf5tvE7@gmail.com','1/1','2024-04-19 07:41:02','2024-04-19 07:41:02'),(662,34,661,'xO4jPOnlnC (userEmail_34@gmail.com)','AGDDk83uzp@gmail.com','1/1/1','2024-04-19 07:41:02','2024-04-19 07:41:02'),(663,34,661,'JrCrIwSkv2 (userEmail_34@gmail.com)','b83k9Ljlpz@gmail.com','1/1/2','2024-04-19 07:41:02','2024-04-19 07:41:02'),(664,34,663,'wqmv7EElQR (userEmail_34@gmail.com)','gyhO5w4rm6@gmail.com','1/1/2/1','2024-04-19 07:41:02','2024-04-19 07:41:02'),(665,34,NULL,'sNDxhSuUFi (userEmail_34@gmail.com)','sCl9QIqF9E@gmail.com','2/1','2024-04-19 07:41:02','2024-04-19 07:41:02'),(666,34,665,'OlRq3Gyk7h (userEmail_34@gmail.com)','5fU46WhiwW@gmail.com','2/1/1','2024-04-19 07:41:02','2024-04-19 07:41:02'),(667,34,665,'TU6c4kr28A (userEmail_34@gmail.com)','v1juhasH4J@gmail.com','2/1/2','2024-04-19 07:41:02','2024-04-19 07:41:02'),(668,34,667,'doN6t6h6KV (userEmail_34@gmail.com)','yMMy5IO4sz@gmail.com','2/1/2/1','2024-04-19 07:41:02','2024-04-19 07:41:02'),(669,34,NULL,'IKi63Zfksm (userEmail_34@gmail.com)','gQwf32g1q8@gmail.com','3/1','2024-04-19 07:41:02','2024-04-19 07:41:02'),(670,34,669,'agtqw2OoVB (userEmail_34@gmail.com)','82ECA0vjOs@gmail.com','3/1/1','2024-04-19 07:41:02','2024-04-19 07:41:02'),(671,34,669,'66616GVDAd (userEmail_34@gmail.com)','8mnVNGreqk@gmail.com','3/1/2','2024-04-19 07:41:02','2024-04-19 07:41:02'),(672,34,671,'WvhacQpZI8 (userEmail_34@gmail.com)','HhHUZ1RryU@gmail.com','3/1/2/1','2024-04-19 07:41:02','2024-04-19 07:41:02'),(673,34,NULL,'YG6ErDeDZL (userEmail_34@gmail.com)','xXzWhyAUDs@gmail.com','4/1','2024-04-19 07:41:02','2024-04-19 07:41:02'),(674,34,673,'8KiQ8JQhXt (userEmail_34@gmail.com)','w3fJLsjWJd@gmail.com','4/1/1','2024-04-19 07:41:02','2024-04-19 07:41:02'),(675,34,673,'KNPFvtdIDU (userEmail_34@gmail.com)','H2NnsT4b1X@gmail.com','4/1/2','2024-04-19 07:41:02','2024-04-19 07:41:02'),(676,34,675,'jRbI0xvOU7 (userEmail_34@gmail.com)','M4wvhxWNjc@gmail.com','4/1/2/1','2024-04-19 07:41:02','2024-04-19 07:41:02'),(677,34,NULL,'Bi0mIgwi1n (userEmail_34@gmail.com)','AEXbJWqnl2@gmail.com','5/1','2024-04-19 07:41:02','2024-04-19 07:41:02'),(678,34,677,'KFICQesL25 (userEmail_34@gmail.com)','nalfZO0COl@gmail.com','5/1/1','2024-04-19 07:41:02','2024-04-19 07:41:02'),(679,34,677,'IuVCgXAs0H (userEmail_34@gmail.com)','VpKQEOoNHF@gmail.com','5/1/2','2024-04-19 07:41:02','2024-04-19 07:41:02'),(680,34,679,'u4Bsu4e7tF (userEmail_34@gmail.com)','WLQzdN4N4G@gmail.com','5/1/2/1','2024-04-19 07:41:02','2024-04-19 07:41:02'),(681,35,NULL,'YQil6vdFaW (userEmail_35@gmail.com)','O2qSHgpdC6@gmail.com','1/1','2024-04-19 07:41:02','2024-04-19 07:41:02'),(682,35,681,'UN0GUv7at0 (userEmail_35@gmail.com)','0j6yz9mXcS@gmail.com','1/1/1','2024-04-19 07:41:02','2024-04-19 07:41:02'),(683,35,681,'1XvRqRIxdD (userEmail_35@gmail.com)','Gn4dxhxcg4@gmail.com','1/1/2','2024-04-19 07:41:02','2024-04-19 07:41:02'),(684,35,683,'HUEVprAjPh (userEmail_35@gmail.com)','lBl0Z9hnuT@gmail.com','1/1/2/1','2024-04-19 07:41:02','2024-04-19 07:41:02'),(685,35,NULL,'BZ2wun2W4I (userEmail_35@gmail.com)','AxmePWSRop@gmail.com','2/1','2024-04-19 07:41:02','2024-04-19 07:41:02'),(686,35,685,'rRRI9wVKCH (userEmail_35@gmail.com)','Up9UkSQY4T@gmail.com','2/1/1','2024-04-19 07:41:02','2024-04-19 07:41:02'),(687,35,685,'Y0RsIPkLiR (userEmail_35@gmail.com)','dVkDY0S9Uc@gmail.com','2/1/2','2024-04-19 07:41:02','2024-04-19 07:41:02'),(688,35,687,'mZ8CLNiJz0 (userEmail_35@gmail.com)','dyAGRLjpTY@gmail.com','2/1/2/1','2024-04-19 07:41:02','2024-04-19 07:41:02'),(689,35,NULL,'wCWBzS5DIo (userEmail_35@gmail.com)','q7jVUV8If2@gmail.com','3/1','2024-04-19 07:41:02','2024-04-19 07:41:02'),(690,35,689,'46B85xpuEY (userEmail_35@gmail.com)','rL17CcCgn1@gmail.com','3/1/1','2024-04-19 07:41:02','2024-04-19 07:41:02'),(691,35,689,'sr759zvUUW (userEmail_35@gmail.com)','tYoRCNf0lx@gmail.com','3/1/2','2024-04-19 07:41:02','2024-04-19 07:41:02'),(692,35,691,'cMFPIaHR9e (userEmail_35@gmail.com)','wThX5MDuLF@gmail.com','3/1/2/1','2024-04-19 07:41:02','2024-04-19 07:41:02'),(693,35,NULL,'uXvhPnHvmn (userEmail_35@gmail.com)','VZrLt92CqF@gmail.com','4/1','2024-04-19 07:41:02','2024-04-19 07:41:02'),(694,35,693,'LVuWRs21cm (userEmail_35@gmail.com)','YLjaC7jrkd@gmail.com','4/1/1','2024-04-19 07:41:02','2024-04-19 07:41:02'),(695,35,693,'4SKZkQv9lV (userEmail_35@gmail.com)','iyQ4IhTILN@gmail.com','4/1/2','2024-04-19 07:41:02','2024-04-19 07:41:02'),(696,35,695,'Qdkup59jSg (userEmail_35@gmail.com)','unkz3YOfwE@gmail.com','4/1/2/1','2024-04-19 07:41:02','2024-04-19 07:41:02'),(697,35,NULL,'hShShkivcW (userEmail_35@gmail.com)','aoNb1UibDr@gmail.com','5/1','2024-04-19 07:41:02','2024-04-19 07:41:02'),(698,35,697,'AmdewJJKBd (userEmail_35@gmail.com)','apzUcRHdsT@gmail.com','5/1/1','2024-04-19 07:41:02','2024-04-19 07:41:02'),(699,35,697,'0YkHCjzj9Z (userEmail_35@gmail.com)','wkGfseH2wF@gmail.com','5/1/2','2024-04-19 07:41:02','2024-04-19 07:41:02'),(700,35,699,'Xvx668rMwf (userEmail_35@gmail.com)','W83C6zxRQz@gmail.com','5/1/2/1','2024-04-19 07:41:02','2024-04-19 07:41:02'),(701,36,NULL,'FdH3cYJ2oW (userEmail_36@gmail.com)','Q5e0jtWADg@gmail.com','1/1','2024-04-19 07:41:02','2024-04-19 07:41:02'),(702,36,701,'FTNVRhe4RP (userEmail_36@gmail.com)','2Ny0HsZMr3@gmail.com','1/1/1','2024-04-19 07:41:02','2024-04-19 07:41:02'),(703,36,701,'r0Gpb5x0ac (userEmail_36@gmail.com)','dlJ0VoAEDL@gmail.com','1/1/2','2024-04-19 07:41:02','2024-04-19 07:41:02'),(704,36,703,'7EFD6YNMeB (userEmail_36@gmail.com)','R2N49ajeoF@gmail.com','1/1/2/1','2024-04-19 07:41:02','2024-04-19 07:41:02'),(705,36,NULL,'FG6s8f95WJ (userEmail_36@gmail.com)','GPJfKFyi5F@gmail.com','2/1','2024-04-19 07:41:02','2024-04-19 07:41:02'),(706,36,705,'xXOKxg2LUj (userEmail_36@gmail.com)','SQTDGKpZ8U@gmail.com','2/1/1','2024-04-19 07:41:02','2024-04-19 07:41:02'),(707,36,705,'M2B6biU1ha (userEmail_36@gmail.com)','oEsH0iaYo6@gmail.com','2/1/2','2024-04-19 07:41:02','2024-04-19 07:41:02'),(708,36,707,'HGYD1JfLMD (userEmail_36@gmail.com)','X9K22fDjWE@gmail.com','2/1/2/1','2024-04-19 07:41:02','2024-04-19 07:41:02'),(709,36,NULL,'GNGS37VbMz (userEmail_36@gmail.com)','BUqer2rcMS@gmail.com','3/1','2024-04-19 07:41:02','2024-04-19 07:41:02'),(710,36,709,'9FPkyq2mUL (userEmail_36@gmail.com)','kzbUpUGNVg@gmail.com','3/1/1','2024-04-19 07:41:02','2024-04-19 07:41:02'),(711,36,709,'9Z9qi3wQlm (userEmail_36@gmail.com)','HTrl99Lprs@gmail.com','3/1/2','2024-04-19 07:41:02','2024-04-19 07:41:02'),(712,36,711,'iTooorVH5N (userEmail_36@gmail.com)','CLmRgLhGgl@gmail.com','3/1/2/1','2024-04-19 07:41:02','2024-04-19 07:41:02'),(713,36,NULL,'cQjynhYoKz (userEmail_36@gmail.com)','tesjFpuxQw@gmail.com','4/1','2024-04-19 07:41:02','2024-04-19 07:41:02'),(714,36,713,'nTkr1ZtOWW (userEmail_36@gmail.com)','gbBV4mKggS@gmail.com','4/1/1','2024-04-19 07:41:02','2024-04-19 07:41:02'),(715,36,713,'fjsXr7kUaF (userEmail_36@gmail.com)','Sr0zPW3qDJ@gmail.com','4/1/2','2024-04-19 07:41:02','2024-04-19 07:41:02'),(716,36,715,'4g8KqSLWvC (userEmail_36@gmail.com)','aeWAc6vUEk@gmail.com','4/1/2/1','2024-04-19 07:41:02','2024-04-19 07:41:02'),(717,36,NULL,'9yfqKF8jkH (userEmail_36@gmail.com)','YrirgHbgPL@gmail.com','5/1','2024-04-19 07:41:02','2024-04-19 07:41:02'),(718,36,717,'XybQZAbSAy (userEmail_36@gmail.com)','XqKniJrbhc@gmail.com','5/1/1','2024-04-19 07:41:02','2024-04-19 07:41:02'),(719,36,717,'8MS3EUVmzc (userEmail_36@gmail.com)','EmrsF0042O@gmail.com','5/1/2','2024-04-19 07:41:02','2024-04-19 07:41:02'),(720,36,719,'3d1wfh0OrW (userEmail_36@gmail.com)','d0I0pvJbvA@gmail.com','5/1/2/1','2024-04-19 07:41:02','2024-04-19 07:41:02'),(721,37,NULL,'ZR9UjB0594 (userEmail_37@gmail.com)','3mXCZzza6D@gmail.com','1/1','2024-04-19 07:41:03','2024-04-19 07:41:03'),(722,37,721,'9DHsse2uvc (userEmail_37@gmail.com)','B0JL4XWAlg@gmail.com','1/1/1','2024-04-19 07:41:03','2024-04-19 07:41:03'),(723,37,721,'I46ip1DdM0 (userEmail_37@gmail.com)','Kq1y7qg2KA@gmail.com','1/1/2','2024-04-19 07:41:03','2024-04-19 07:41:03'),(724,37,723,'9Uh5UcgeKk (userEmail_37@gmail.com)','t7qwtMp9cw@gmail.com','1/1/2/1','2024-04-19 07:41:03','2024-04-19 07:41:03'),(725,37,NULL,'8sOgINuphU (userEmail_37@gmail.com)','6iK3cIP6HZ@gmail.com','2/1','2024-04-19 07:41:03','2024-04-19 07:41:03'),(726,37,725,'9U9fLA2CmN (userEmail_37@gmail.com)','jnpfQM1Wbk@gmail.com','2/1/1','2024-04-19 07:41:03','2024-04-19 07:41:03'),(727,37,725,'IVX8VtGLZe (userEmail_37@gmail.com)','iKJ057IuoW@gmail.com','2/1/2','2024-04-19 07:41:03','2024-04-19 07:41:03'),(728,37,727,'x2oXSkY1nT (userEmail_37@gmail.com)','wYoIPSd1HT@gmail.com','2/1/2/1','2024-04-19 07:41:03','2024-04-19 07:41:03'),(729,37,NULL,'VfQS4h1Ykz (userEmail_37@gmail.com)','T5YasQvf8M@gmail.com','3/1','2024-04-19 07:41:03','2024-04-19 07:41:03'),(730,37,729,'Luh1MiYa6J (userEmail_37@gmail.com)','AtUXPvfj7d@gmail.com','3/1/1','2024-04-19 07:41:03','2024-04-19 07:41:03'),(731,37,729,'A6xKkOqD2H (userEmail_37@gmail.com)','SiE6nz8FLy@gmail.com','3/1/2','2024-04-19 07:41:03','2024-04-19 07:41:03'),(732,37,731,'S7daizRKtm (userEmail_37@gmail.com)','LZLgbpNc1e@gmail.com','3/1/2/1','2024-04-19 07:41:03','2024-04-19 07:41:03'),(733,37,NULL,'fUPIef9fZg (userEmail_37@gmail.com)','UJiU6tLJpe@gmail.com','4/1','2024-04-19 07:41:03','2024-04-19 07:41:03'),(734,37,733,'oELCtKzEot (userEmail_37@gmail.com)','gOpGdYuqHV@gmail.com','4/1/1','2024-04-19 07:41:03','2024-04-19 07:41:03'),(735,37,733,'O8U4UAuyh3 (userEmail_37@gmail.com)','HhBkM6PHXh@gmail.com','4/1/2','2024-04-19 07:41:03','2024-04-19 07:41:03'),(736,37,735,'8cBgVlyBBg (userEmail_37@gmail.com)','8zIcxYtha0@gmail.com','4/1/2/1','2024-04-19 07:41:03','2024-04-19 07:41:03'),(737,37,NULL,'9k1eYFaZFj (userEmail_37@gmail.com)','UkMwp4RG2b@gmail.com','5/1','2024-04-19 07:41:03','2024-04-19 07:41:03'),(738,37,737,'oG6iEPEcRB (userEmail_37@gmail.com)','958IMqknip@gmail.com','5/1/1','2024-04-19 07:41:03','2024-04-19 07:41:03'),(739,37,737,'dWCDiwoMcG (userEmail_37@gmail.com)','uTiCSl4tuw@gmail.com','5/1/2','2024-04-19 07:41:03','2024-04-19 07:41:03'),(740,37,739,'5M2rJ1YsmJ (userEmail_37@gmail.com)','myeQ0L2tdg@gmail.com','5/1/2/1','2024-04-19 07:41:03','2024-04-19 07:41:03'),(741,38,NULL,'Dc4Vui7yYg (userEmail_38@gmail.com)','npVQknS3Mk@gmail.com','1/1','2024-04-19 07:41:03','2024-04-19 07:41:03'),(742,38,741,'Un6Y2thr8N (userEmail_38@gmail.com)','xMYVOMN0rQ@gmail.com','1/1/1','2024-04-19 07:41:03','2024-04-19 07:41:03'),(743,38,741,'X8WsX57mfs (userEmail_38@gmail.com)','tWy1bg1yj5@gmail.com','1/1/2','2024-04-19 07:41:03','2024-04-19 07:41:03'),(744,38,743,'VpRy8A8pKn (userEmail_38@gmail.com)','OeXrFlGgfe@gmail.com','1/1/2/1','2024-04-19 07:41:03','2024-04-19 07:41:03'),(745,38,NULL,'JWOw8S6YFT (userEmail_38@gmail.com)','PACQSHYuSI@gmail.com','2/1','2024-04-19 07:41:03','2024-04-19 07:41:03'),(746,38,745,'ATP7ieHyAo (userEmail_38@gmail.com)','RdLbgxCFqN@gmail.com','2/1/1','2024-04-19 07:41:03','2024-04-19 07:41:03'),(747,38,745,'kgxtJKczJr (userEmail_38@gmail.com)','UXNKf7A32r@gmail.com','2/1/2','2024-04-19 07:41:03','2024-04-19 07:41:03'),(748,38,747,'EBRyUJnwFK (userEmail_38@gmail.com)','ZCcxypzUeZ@gmail.com','2/1/2/1','2024-04-19 07:41:03','2024-04-19 07:41:03'),(749,38,NULL,'MVtN45xjmY (userEmail_38@gmail.com)','G8HsBUF1bt@gmail.com','3/1','2024-04-19 07:41:03','2024-04-19 07:41:03'),(750,38,749,'aqHhdn5SZ4 (userEmail_38@gmail.com)','RkcLMzEDv3@gmail.com','3/1/1','2024-04-19 07:41:03','2024-04-19 07:41:03'),(751,38,749,'BKyA6fVmWG (userEmail_38@gmail.com)','e0qpIXPdaL@gmail.com','3/1/2','2024-04-19 07:41:03','2024-04-19 07:41:03'),(752,38,751,'5o6u859Eaj (userEmail_38@gmail.com)','l9uYZY3OIp@gmail.com','3/1/2/1','2024-04-19 07:41:03','2024-04-19 07:41:03'),(753,38,NULL,'QJtay0ph56 (userEmail_38@gmail.com)','bk8Z6liXkm@gmail.com','4/1','2024-04-19 07:41:03','2024-04-19 07:41:03'),(754,38,753,'3awhWZFjpI (userEmail_38@gmail.com)','NIP5O3FWOV@gmail.com','4/1/1','2024-04-19 07:41:03','2024-04-19 07:41:03'),(755,38,753,'u4FK4K3HtP (userEmail_38@gmail.com)','72vt0c3etK@gmail.com','4/1/2','2024-04-19 07:41:03','2024-04-19 07:41:03'),(756,38,755,'IAC8w7KnJ3 (userEmail_38@gmail.com)','FEERxXIZFK@gmail.com','4/1/2/1','2024-04-19 07:41:03','2024-04-19 07:41:03'),(757,38,NULL,'TqXOJ3aUVl (userEmail_38@gmail.com)','QTXyxhNadm@gmail.com','5/1','2024-04-19 07:41:03','2024-04-19 07:41:03'),(758,38,757,'CI6FPJet3O (userEmail_38@gmail.com)','GRpbAyAQVb@gmail.com','5/1/1','2024-04-19 07:41:03','2024-04-19 07:41:03'),(759,38,757,'eN3By6JlVl (userEmail_38@gmail.com)','Wu0JHmbo26@gmail.com','5/1/2','2024-04-19 07:41:03','2024-04-19 07:41:03'),(760,38,759,'3bTRT1yYmP (userEmail_38@gmail.com)','R4qYqT2Vjj@gmail.com','5/1/2/1','2024-04-19 07:41:03','2024-04-19 07:41:03'),(761,39,NULL,'TOkUuPoW7F (userEmail_39@gmail.com)','WTjBu12KDH@gmail.com','1/1','2024-04-19 07:41:03','2024-04-19 07:41:03'),(762,39,761,'1lIuzpF82z (userEmail_39@gmail.com)','LVsHKFZBlQ@gmail.com','1/1/1','2024-04-19 07:41:03','2024-04-19 07:41:03'),(763,39,761,'ipybi9fQqa (userEmail_39@gmail.com)','pshZDoOle3@gmail.com','1/1/2','2024-04-19 07:41:03','2024-04-19 07:41:03'),(764,39,763,'IyFlCNwvEz (userEmail_39@gmail.com)','HvJHzwwW6P@gmail.com','1/1/2/1','2024-04-19 07:41:03','2024-04-19 07:41:03'),(765,39,NULL,'XJuMEMFZB4 (userEmail_39@gmail.com)','6IMmt2eU3q@gmail.com','2/1','2024-04-19 07:41:03','2024-04-19 07:41:03'),(766,39,765,'f2yEUINWTe (userEmail_39@gmail.com)','xiFkD1yfsb@gmail.com','2/1/1','2024-04-19 07:41:03','2024-04-19 07:41:03'),(767,39,765,'E6fZmX0Ial (userEmail_39@gmail.com)','H4G9rDjATJ@gmail.com','2/1/2','2024-04-19 07:41:03','2024-04-19 07:41:03'),(768,39,767,'2hKesl8aTP (userEmail_39@gmail.com)','jqWYlLBQvX@gmail.com','2/1/2/1','2024-04-19 07:41:03','2024-04-19 07:41:03'),(769,39,NULL,'3GuNjuKVbu (userEmail_39@gmail.com)','9NEY1jltFm@gmail.com','3/1','2024-04-19 07:41:03','2024-04-19 07:41:03'),(770,39,769,'8iF0woMaIA (userEmail_39@gmail.com)','TEnPUvK2Bv@gmail.com','3/1/1','2024-04-19 07:41:03','2024-04-19 07:41:03'),(771,39,769,'uZ22KyyqZ3 (userEmail_39@gmail.com)','RdpFIzm2Wr@gmail.com','3/1/2','2024-04-19 07:41:03','2024-04-19 07:41:03'),(772,39,771,'OyEVKwi0DL (userEmail_39@gmail.com)','X0BneXyMOO@gmail.com','3/1/2/1','2024-04-19 07:41:03','2024-04-19 07:41:03'),(773,39,NULL,'vhlcuGiHXP (userEmail_39@gmail.com)','B8fCQzHfqD@gmail.com','4/1','2024-04-19 07:41:03','2024-04-19 07:41:03'),(774,39,773,'QEUjNraVjL (userEmail_39@gmail.com)','Td9Wk3lCWr@gmail.com','4/1/1','2024-04-19 07:41:03','2024-04-19 07:41:03'),(775,39,773,'zzxgZKUvCX (userEmail_39@gmail.com)','S3nP1VtRA7@gmail.com','4/1/2','2024-04-19 07:41:03','2024-04-19 07:41:03'),(776,39,775,'O19uPFJckN (userEmail_39@gmail.com)','Bp7ZHWMuPc@gmail.com','4/1/2/1','2024-04-19 07:41:03','2024-04-19 07:41:03'),(777,39,NULL,'bgcmkulZZz (userEmail_39@gmail.com)','qh34MavOn9@gmail.com','5/1','2024-04-19 07:41:03','2024-04-19 07:41:03'),(778,39,777,'gZud2Sx96Z (userEmail_39@gmail.com)','L4NJwtsmb1@gmail.com','5/1/1','2024-04-19 07:41:03','2024-04-19 07:41:03'),(779,39,777,'TQMgjIs4LG (userEmail_39@gmail.com)','5AwQ2VYUi8@gmail.com','5/1/2','2024-04-19 07:41:03','2024-04-19 07:41:03'),(780,39,779,'jew1E2LoGB (userEmail_39@gmail.com)','WP31tKLcjJ@gmail.com','5/1/2/1','2024-04-19 07:41:03','2024-04-19 07:41:03'),(781,40,NULL,'cBCQ41ja8n (userEmail_40@gmail.com)','JhDh8xUIym@gmail.com','1/1','2024-04-19 07:41:03','2024-04-19 07:41:03'),(782,40,781,'uhHaH27gTY (userEmail_40@gmail.com)','9O4Ru9EZrA@gmail.com','1/1/1','2024-04-19 07:41:03','2024-04-19 07:41:03'),(783,40,781,'EPndgUFfi3 (userEmail_40@gmail.com)','mcaFfBmXxU@gmail.com','1/1/2','2024-04-19 07:41:03','2024-04-19 07:41:03'),(784,40,783,'poL2f9HEMN (userEmail_40@gmail.com)','XsmSy6Kxfo@gmail.com','1/1/2/1','2024-04-19 07:41:03','2024-04-19 07:41:03'),(785,40,NULL,'znn6UkRI00 (userEmail_40@gmail.com)','hnZ2QCnw4p@gmail.com','2/1','2024-04-19 07:41:03','2024-04-19 07:41:03'),(786,40,785,'UTQoIGSzip (userEmail_40@gmail.com)','FlJuJb7mRC@gmail.com','2/1/1','2024-04-19 07:41:03','2024-04-19 07:41:03'),(787,40,785,'itQug79YsA (userEmail_40@gmail.com)','0Y4hSGDqYv@gmail.com','2/1/2','2024-04-19 07:41:03','2024-04-19 07:41:03'),(788,40,787,'FRHbWvudLi (userEmail_40@gmail.com)','gUmaeUNgpU@gmail.com','2/1/2/1','2024-04-19 07:41:03','2024-04-19 07:41:03'),(789,40,NULL,'wo2JIApZob (userEmail_40@gmail.com)','dP5w4Kwodm@gmail.com','3/1','2024-04-19 07:41:03','2024-04-19 07:41:03'),(790,40,789,'g9InFyIWik (userEmail_40@gmail.com)','wOjl6Py7AI@gmail.com','3/1/1','2024-04-19 07:41:03','2024-04-19 07:41:03'),(791,40,789,'Xrol03LTW5 (userEmail_40@gmail.com)','5Z6PXxPjjs@gmail.com','3/1/2','2024-04-19 07:41:03','2024-04-19 07:41:03'),(792,40,791,'03GmmvfqO3 (userEmail_40@gmail.com)','dIKOhaI1I2@gmail.com','3/1/2/1','2024-04-19 07:41:03','2024-04-19 07:41:03'),(793,40,NULL,'6DcdeunFR6 (userEmail_40@gmail.com)','F7DMyVwDJl@gmail.com','4/1','2024-04-19 07:41:03','2024-04-19 07:41:03'),(794,40,793,'mZjAtlX9Eb (userEmail_40@gmail.com)','gcF28ditHN@gmail.com','4/1/1','2024-04-19 07:41:03','2024-04-19 07:41:03'),(795,40,793,'x2TPGTzAWB (userEmail_40@gmail.com)','PZ3t3UKNX9@gmail.com','4/1/2','2024-04-19 07:41:03','2024-04-19 07:41:03'),(796,40,795,'QPBxdapdDE (userEmail_40@gmail.com)','eUridIzAFX@gmail.com','4/1/2/1','2024-04-19 07:41:03','2024-04-19 07:41:03'),(797,40,NULL,'OhNBSXrEtf (userEmail_40@gmail.com)','s6JbVNTqza@gmail.com','5/1','2024-04-19 07:41:03','2024-04-19 07:41:03'),(798,40,797,'Qu6T7o47Vg (userEmail_40@gmail.com)','EhyhRVNQGO@gmail.com','5/1/1','2024-04-19 07:41:03','2024-04-19 07:41:03'),(799,40,797,'AvcFvMXU8f (userEmail_40@gmail.com)','yp4dOcJxCe@gmail.com','5/1/2','2024-04-19 07:41:03','2024-04-19 07:41:03'),(800,40,799,'LKSZNEDrgJ (userEmail_40@gmail.com)','jMqBkoUPTN@gmail.com','5/1/2/1','2024-04-19 07:41:03','2024-04-19 07:41:03'),(801,41,NULL,'NiH88fwczc (userEmail_41@gmail.com)','ukAXco0X4w@gmail.com','1/1','2024-04-19 07:41:03','2024-04-19 07:41:03'),(802,41,801,'INOHwg4UVd (userEmail_41@gmail.com)','TrZ1G0e2kl@gmail.com','1/1/1','2024-04-19 07:41:03','2024-04-19 07:41:03'),(803,41,801,'jW37Ja2yBU (userEmail_41@gmail.com)','CRteJYJNCW@gmail.com','1/1/2','2024-04-19 07:41:03','2024-04-19 07:41:03'),(804,41,803,'10dwISEnWM (userEmail_41@gmail.com)','pbUcvXQFPx@gmail.com','1/1/2/1','2024-04-19 07:41:03','2024-04-19 07:41:03'),(805,41,NULL,'kNHCVrqJkt (userEmail_41@gmail.com)','91zuY96GCU@gmail.com','2/1','2024-04-19 07:41:03','2024-04-19 07:41:03'),(806,41,805,'qiWJZQxie7 (userEmail_41@gmail.com)','hFP4WVPbxF@gmail.com','2/1/1','2024-04-19 07:41:04','2024-04-19 07:41:04'),(807,41,805,'a6roq2f0sf (userEmail_41@gmail.com)','9tBMjc5pYm@gmail.com','2/1/2','2024-04-19 07:41:04','2024-04-19 07:41:04'),(808,41,807,'QR1lvsoEJu (userEmail_41@gmail.com)','Mu8UjMlT7V@gmail.com','2/1/2/1','2024-04-19 07:41:04','2024-04-19 07:41:04'),(809,41,NULL,'QMTyYD8JVQ (userEmail_41@gmail.com)','KPpAJEvOi0@gmail.com','3/1','2024-04-19 07:41:04','2024-04-19 07:41:04'),(810,41,809,'A04BbkXoae (userEmail_41@gmail.com)','UY00NkLqm1@gmail.com','3/1/1','2024-04-19 07:41:04','2024-04-19 07:41:04'),(811,41,809,'ShBZqQlLVK (userEmail_41@gmail.com)','1ESrsRxYqL@gmail.com','3/1/2','2024-04-19 07:41:04','2024-04-19 07:41:04'),(812,41,811,'AL2WJ2b39v (userEmail_41@gmail.com)','VbcHvpIpWI@gmail.com','3/1/2/1','2024-04-19 07:41:04','2024-04-19 07:41:04'),(813,41,NULL,'HXck6NPR3r (userEmail_41@gmail.com)','fRlk0BqIW1@gmail.com','4/1','2024-04-19 07:41:04','2024-04-19 07:41:04'),(814,41,813,'ABpOTy3g7T (userEmail_41@gmail.com)','fxTg6zGv5z@gmail.com','4/1/1','2024-04-19 07:41:04','2024-04-19 07:41:04'),(815,41,813,'Bv4APYzRVG (userEmail_41@gmail.com)','VwUDemE8PN@gmail.com','4/1/2','2024-04-19 07:41:04','2024-04-19 07:41:04'),(816,41,815,'0ozQyOJ30D (userEmail_41@gmail.com)','fWJMrmIC7A@gmail.com','4/1/2/1','2024-04-19 07:41:04','2024-04-19 07:41:04'),(817,41,NULL,'3wGskPEvQz (userEmail_41@gmail.com)','D34Hc87zTe@gmail.com','5/1','2024-04-19 07:41:04','2024-04-19 07:41:04'),(818,41,817,'39omILc7Vl (userEmail_41@gmail.com)','aRSwhjjaVZ@gmail.com','5/1/1','2024-04-19 07:41:04','2024-04-19 07:41:04'),(819,41,817,'JLIeu2LPK5 (userEmail_41@gmail.com)','Df6UItGGD2@gmail.com','5/1/2','2024-04-19 07:41:04','2024-04-19 07:41:04'),(820,41,819,'J0ahduusnP (userEmail_41@gmail.com)','NTp7w82SkS@gmail.com','5/1/2/1','2024-04-19 07:41:04','2024-04-19 07:41:04'),(821,42,NULL,'Ft4hsZKyfB (userEmail_42@gmail.com)','wUxG7janQ3@gmail.com','1/1','2024-04-19 07:41:04','2024-04-19 07:41:04'),(822,42,821,'sQZZoD71N6 (userEmail_42@gmail.com)','RtJCu3J8Oi@gmail.com','1/1/1','2024-04-19 07:41:04','2024-04-19 07:41:04'),(823,42,821,'zj4LtPeyGh (userEmail_42@gmail.com)','fxrSHB7MvG@gmail.com','1/1/2','2024-04-19 07:41:04','2024-04-19 07:41:04'),(824,42,823,'7P8BKVlWUZ (userEmail_42@gmail.com)','IC6CG1k9N5@gmail.com','1/1/2/1','2024-04-19 07:41:04','2024-04-19 07:41:04'),(825,42,NULL,'GLgheqNr19 (userEmail_42@gmail.com)','YQnEKKulIA@gmail.com','2/1','2024-04-19 07:41:04','2024-04-19 07:41:04'),(826,42,825,'jKKac0gq93 (userEmail_42@gmail.com)','YKSWPa5ro6@gmail.com','2/1/1','2024-04-19 07:41:04','2024-04-19 07:41:04'),(827,42,825,'1D1qO02T3N (userEmail_42@gmail.com)','GAie09S7np@gmail.com','2/1/2','2024-04-19 07:41:04','2024-04-19 07:41:04'),(828,42,827,'obNlWqFLbj (userEmail_42@gmail.com)','NWBgcTPIfb@gmail.com','2/1/2/1','2024-04-19 07:41:04','2024-04-19 07:41:04'),(829,42,NULL,'j22Fozppd8 (userEmail_42@gmail.com)','BFew1ULBtS@gmail.com','3/1','2024-04-19 07:41:04','2024-04-19 07:41:04'),(830,42,829,'VdDu0s7ipV (userEmail_42@gmail.com)','CAG0nNkwC7@gmail.com','3/1/1','2024-04-19 07:41:04','2024-04-19 07:41:04'),(831,42,829,'cISLz8P4kg (userEmail_42@gmail.com)','FqAEhK5R0N@gmail.com','3/1/2','2024-04-19 07:41:04','2024-04-19 07:41:04'),(832,42,831,'7d3IkdhSi2 (userEmail_42@gmail.com)','13AVH5sE4J@gmail.com','3/1/2/1','2024-04-19 07:41:04','2024-04-19 07:41:04'),(833,42,NULL,'iQkJ2LzszC (userEmail_42@gmail.com)','pPlQ6imw8r@gmail.com','4/1','2024-04-19 07:41:04','2024-04-19 07:41:04'),(834,42,833,'K8qxtfu0ox (userEmail_42@gmail.com)','E5SCYrl0Qm@gmail.com','4/1/1','2024-04-19 07:41:04','2024-04-19 07:41:04'),(835,42,833,'uaaVkQogUD (userEmail_42@gmail.com)','UgZWGQdbEB@gmail.com','4/1/2','2024-04-19 07:41:04','2024-04-19 07:41:04'),(836,42,835,'yKiAO878gW (userEmail_42@gmail.com)','jomUZ6zHEg@gmail.com','4/1/2/1','2024-04-19 07:41:04','2024-04-19 07:41:04'),(837,42,NULL,'WgMHicH0as (userEmail_42@gmail.com)','jgQbAVj3vg@gmail.com','5/1','2024-04-19 07:41:04','2024-04-19 07:41:04'),(838,42,837,'cMNF9muIKD (userEmail_42@gmail.com)','3dAPERKbV8@gmail.com','5/1/1','2024-04-19 07:41:04','2024-04-19 07:41:04'),(839,42,837,'hCl16mtN2P (userEmail_42@gmail.com)','SU31FtVDff@gmail.com','5/1/2','2024-04-19 07:41:04','2024-04-19 07:41:04'),(840,42,839,'NQ54j2Fn9b (userEmail_42@gmail.com)','qS33lsj55x@gmail.com','5/1/2/1','2024-04-19 07:41:04','2024-04-19 07:41:04'),(841,43,NULL,'wl53kKqW7y (userEmail_43@gmail.com)','0QnKKbmhb7@gmail.com','1/1','2024-04-19 07:41:04','2024-04-19 07:41:04'),(842,43,841,'CNBGtq1ZTq (userEmail_43@gmail.com)','VHJGN8CyxP@gmail.com','1/1/1','2024-04-19 07:41:04','2024-04-19 07:41:04'),(843,43,841,'HyoXIJacpB (userEmail_43@gmail.com)','6wkN3tlJjZ@gmail.com','1/1/2','2024-04-19 07:41:04','2024-04-19 07:41:04'),(844,43,843,'GCAuUvJRhq (userEmail_43@gmail.com)','oGKdMwPUju@gmail.com','1/1/2/1','2024-04-19 07:41:04','2024-04-19 07:41:04'),(845,43,NULL,'Dzq2KcUhwb (userEmail_43@gmail.com)','GCpHZWQqBi@gmail.com','2/1','2024-04-19 07:41:04','2024-04-19 07:41:04'),(846,43,845,'hiXKy4Mx3T (userEmail_43@gmail.com)','FdMdvvYJNS@gmail.com','2/1/1','2024-04-19 07:41:04','2024-04-19 07:41:04'),(847,43,845,'FflIVtqfm6 (userEmail_43@gmail.com)','KUiklV1oHL@gmail.com','2/1/2','2024-04-19 07:41:04','2024-04-19 07:41:04'),(848,43,847,'hspOsRFSro (userEmail_43@gmail.com)','CcIYQL4l9n@gmail.com','2/1/2/1','2024-04-19 07:41:04','2024-04-19 07:41:04'),(849,43,NULL,'BHBN9WgixF (userEmail_43@gmail.com)','YBgFoSzKiL@gmail.com','3/1','2024-04-19 07:41:04','2024-04-19 07:41:04'),(850,43,849,'7UKxr7zwtm (userEmail_43@gmail.com)','2H4cp0G4JM@gmail.com','3/1/1','2024-04-19 07:41:04','2024-04-19 07:41:04'),(851,43,849,'6s5ujc7JEw (userEmail_43@gmail.com)','FqIHKU12zU@gmail.com','3/1/2','2024-04-19 07:41:04','2024-04-19 07:41:04'),(852,43,851,'FP3qaym4DJ (userEmail_43@gmail.com)','IpCtJjNG2G@gmail.com','3/1/2/1','2024-04-19 07:41:04','2024-04-19 07:41:04'),(853,43,NULL,'fu9Dzo3E2E (userEmail_43@gmail.com)','qLdeIzykGj@gmail.com','4/1','2024-04-19 07:41:04','2024-04-19 07:41:04'),(854,43,853,'QMwKA3oPjY (userEmail_43@gmail.com)','NyHUaHTiYs@gmail.com','4/1/1','2024-04-19 07:41:04','2024-04-19 07:41:04'),(855,43,853,'34X5DznGve (userEmail_43@gmail.com)','0wD5TisDMn@gmail.com','4/1/2','2024-04-19 07:41:04','2024-04-19 07:41:04'),(856,43,855,'zwDiZDy4M5 (userEmail_43@gmail.com)','lhynmbGgpf@gmail.com','4/1/2/1','2024-04-19 07:41:04','2024-04-19 07:41:04'),(857,43,NULL,'7xZJjKru7H (userEmail_43@gmail.com)','gxkMRu3eXZ@gmail.com','5/1','2024-04-19 07:41:04','2024-04-19 07:41:04'),(858,43,857,'FImBxeIMuS (userEmail_43@gmail.com)','HqRK8iGBXg@gmail.com','5/1/1','2024-04-19 07:41:04','2024-04-19 07:41:04'),(859,43,857,'FLiFAhgxmz (userEmail_43@gmail.com)','RmNu6j8w1F@gmail.com','5/1/2','2024-04-19 07:41:04','2024-04-19 07:41:04'),(860,43,859,'lEoaRAc9gW (userEmail_43@gmail.com)','OQ1T9kRyzr@gmail.com','5/1/2/1','2024-04-19 07:41:04','2024-04-19 07:41:04'),(861,44,NULL,'illOfilz8t (userEmail_44@gmail.com)','dXPOD48tQg@gmail.com','1/1','2024-04-19 07:41:04','2024-04-19 07:41:04'),(862,44,861,'lLNj86Z2FY (userEmail_44@gmail.com)','n512SDwmR2@gmail.com','1/1/1','2024-04-19 07:41:04','2024-04-19 07:41:04'),(863,44,861,'L5Nh8EQs6I (userEmail_44@gmail.com)','a2VcxeKtKK@gmail.com','1/1/2','2024-04-19 07:41:04','2024-04-19 07:41:04'),(864,44,863,'WM6Ikaaz6B (userEmail_44@gmail.com)','nlGjbe0vo1@gmail.com','1/1/2/1','2024-04-19 07:41:04','2024-04-19 07:41:04'),(865,44,NULL,'LgoKuAINTc (userEmail_44@gmail.com)','wPKF3fWbVj@gmail.com','2/1','2024-04-19 07:41:04','2024-04-19 07:41:04'),(866,44,865,'TeZH2R90Fh (userEmail_44@gmail.com)','yEp2EiQg3E@gmail.com','2/1/1','2024-04-19 07:41:04','2024-04-19 07:41:04'),(867,44,865,'YhCfHum0DQ (userEmail_44@gmail.com)','PYsIRIacfr@gmail.com','2/1/2','2024-04-19 07:41:04','2024-04-19 07:41:04'),(868,44,867,'TW65wMso7h (userEmail_44@gmail.com)','0Eel1fbLeD@gmail.com','2/1/2/1','2024-04-19 07:41:04','2024-04-19 07:41:04'),(869,44,NULL,'o39itvIDqB (userEmail_44@gmail.com)','e5kTBcCxyE@gmail.com','3/1','2024-04-19 07:41:04','2024-04-19 07:41:04'),(870,44,869,'GAwhKTS0Fa (userEmail_44@gmail.com)','FtgOR5zun0@gmail.com','3/1/1','2024-04-19 07:41:04','2024-04-19 07:41:04'),(871,44,869,'o1OENZNsMI (userEmail_44@gmail.com)','t8B8dBY0Y3@gmail.com','3/1/2','2024-04-19 07:41:04','2024-04-19 07:41:04'),(872,44,871,'6eUzblIeKi (userEmail_44@gmail.com)','9lr130GB50@gmail.com','3/1/2/1','2024-04-19 07:41:04','2024-04-19 07:41:04'),(873,44,NULL,'rRzJdELRjv (userEmail_44@gmail.com)','TTVSwJ3Chm@gmail.com','4/1','2024-04-19 07:41:04','2024-04-19 07:41:04'),(874,44,873,'C5XJ4rMV9Q (userEmail_44@gmail.com)','GSn4DENrEa@gmail.com','4/1/1','2024-04-19 07:41:04','2024-04-19 07:41:04'),(875,44,873,'Lw5GfvLeOI (userEmail_44@gmail.com)','OWd5Tu5otJ@gmail.com','4/1/2','2024-04-19 07:41:04','2024-04-19 07:41:04'),(876,44,875,'hckutnP3FI (userEmail_44@gmail.com)','whlpfn9eZo@gmail.com','4/1/2/1','2024-04-19 07:41:04','2024-04-19 07:41:04'),(877,44,NULL,'zqqFg5sNHg (userEmail_44@gmail.com)','qtqs3FssVL@gmail.com','5/1','2024-04-19 07:41:04','2024-04-19 07:41:04'),(878,44,877,'87mX4uU0Bj (userEmail_44@gmail.com)','pOI1NarXnW@gmail.com','5/1/1','2024-04-19 07:41:04','2024-04-19 07:41:04'),(879,44,877,'FarLka3pQU (userEmail_44@gmail.com)','SZqY4s9xw9@gmail.com','5/1/2','2024-04-19 07:41:04','2024-04-19 07:41:04'),(880,44,879,'RHoNwgsIUk (userEmail_44@gmail.com)','TlCXyso2yp@gmail.com','5/1/2/1','2024-04-19 07:41:04','2024-04-19 07:41:04'),(881,45,NULL,'j8zrHoOqU2 (userEmail_45@gmail.com)','BsulqOzmhs@gmail.com','1/1','2024-04-19 07:41:04','2024-04-19 07:41:04'),(882,45,881,'VTZ4lBcKrr (userEmail_45@gmail.com)','OFg1EWXeIs@gmail.com','1/1/1','2024-04-19 07:41:04','2024-04-19 07:41:04'),(883,45,881,'HGbwIqqXDR (userEmail_45@gmail.com)','ksG4gkKem3@gmail.com','1/1/2','2024-04-19 07:41:04','2024-04-19 07:41:04'),(884,45,883,'OfRiwnQ3fF (userEmail_45@gmail.com)','uDDgRckSQm@gmail.com','1/1/2/1','2024-04-19 07:41:04','2024-04-19 07:41:04'),(885,45,NULL,'7pHpOLkbWF (userEmail_45@gmail.com)','CAwRc4sVsk@gmail.com','2/1','2024-04-19 07:41:04','2024-04-19 07:41:04'),(886,45,885,'gTsc1KzX4E (userEmail_45@gmail.com)','5gzLb4Jfb8@gmail.com','2/1/1','2024-04-19 07:41:04','2024-04-19 07:41:04'),(887,45,885,'hPvaBEShIA (userEmail_45@gmail.com)','P4z3ITQWwm@gmail.com','2/1/2','2024-04-19 07:41:04','2024-04-19 07:41:04'),(888,45,887,'tnmkzZMkDY (userEmail_45@gmail.com)','7BXY2Vb4U1@gmail.com','2/1/2/1','2024-04-19 07:41:04','2024-04-19 07:41:04'),(889,45,NULL,'s2tc2SEumE (userEmail_45@gmail.com)','8zu4bo58Rv@gmail.com','3/1','2024-04-19 07:41:04','2024-04-19 07:41:04'),(890,45,889,'xZPFyhB6VN (userEmail_45@gmail.com)','hQRxS02YtG@gmail.com','3/1/1','2024-04-19 07:41:04','2024-04-19 07:41:04'),(891,45,889,'mkQncFWudu (userEmail_45@gmail.com)','HPHEAxo71D@gmail.com','3/1/2','2024-04-19 07:41:04','2024-04-19 07:41:04'),(892,45,891,'JCE9780Ezh (userEmail_45@gmail.com)','tG9OMyUh4z@gmail.com','3/1/2/1','2024-04-19 07:41:04','2024-04-19 07:41:04'),(893,45,NULL,'q1w4Km0fjD (userEmail_45@gmail.com)','h0HWhwh0rt@gmail.com','4/1','2024-04-19 07:41:04','2024-04-19 07:41:04'),(894,45,893,'SD3jZIfsWH (userEmail_45@gmail.com)','KxHvOdRliY@gmail.com','4/1/1','2024-04-19 07:41:04','2024-04-19 07:41:04'),(895,45,893,'za2fLqnsnP (userEmail_45@gmail.com)','FDEHY7JlZl@gmail.com','4/1/2','2024-04-19 07:41:04','2024-04-19 07:41:04'),(896,45,895,'CaUHnQ9Uiy (userEmail_45@gmail.com)','246M68aPFp@gmail.com','4/1/2/1','2024-04-19 07:41:04','2024-04-19 07:41:04'),(897,45,NULL,'TUwB4k6vSt (userEmail_45@gmail.com)','UTA4nP8dCe@gmail.com','5/1','2024-04-19 07:41:04','2024-04-19 07:41:04'),(898,45,897,'C5lvR5eY6G (userEmail_45@gmail.com)','hNol6Y3tkP@gmail.com','5/1/1','2024-04-19 07:41:05','2024-04-19 07:41:05'),(899,45,897,'Z5kiDnySQx (userEmail_45@gmail.com)','Vl4FiZ4w3m@gmail.com','5/1/2','2024-04-19 07:41:05','2024-04-19 07:41:05'),(900,45,899,'8XOlw4lXLu (userEmail_45@gmail.com)','8H8J48aEA7@gmail.com','5/1/2/1','2024-04-19 07:41:05','2024-04-19 07:41:05'),(901,46,NULL,'33BJfxJdKL (userEmail_46@gmail.com)','eZpS6QcPDm@gmail.com','1/1','2024-04-19 07:41:05','2024-04-19 07:41:05'),(902,46,901,'5OpZbwd8RD (userEmail_46@gmail.com)','CbpknLX5aR@gmail.com','1/1/1','2024-04-19 07:41:05','2024-04-19 07:41:05'),(903,46,901,'cagQjs7ovi (userEmail_46@gmail.com)','xbtYMox3WY@gmail.com','1/1/2','2024-04-19 07:41:05','2024-04-19 07:41:05'),(904,46,903,'WGZNs7UdOM (userEmail_46@gmail.com)','AkG46g1wID@gmail.com','1/1/2/1','2024-04-19 07:41:05','2024-04-19 07:41:05'),(905,46,NULL,'ibLshiSOWw (userEmail_46@gmail.com)','mPyTULKoOE@gmail.com','2/1','2024-04-19 07:41:05','2024-04-19 07:41:05'),(906,46,905,'vKFSkNe9eb (userEmail_46@gmail.com)','9IdDQjPEls@gmail.com','2/1/1','2024-04-19 07:41:05','2024-04-19 07:41:05'),(907,46,905,'wvy0YfoHsG (userEmail_46@gmail.com)','nnGa8OGArF@gmail.com','2/1/2','2024-04-19 07:41:05','2024-04-19 07:41:05'),(908,46,907,'GmywLs2moy (userEmail_46@gmail.com)','lIBomE0jRo@gmail.com','2/1/2/1','2024-04-19 07:41:05','2024-04-19 07:41:05'),(909,46,NULL,'KO0Ae8EYEj (userEmail_46@gmail.com)','ATZLiJHB8R@gmail.com','3/1','2024-04-19 07:41:05','2024-04-19 07:41:05'),(910,46,909,'JXDROhQhBx (userEmail_46@gmail.com)','wIO1iiMkST@gmail.com','3/1/1','2024-04-19 07:41:05','2024-04-19 07:41:05'),(911,46,909,'0dnC6MQN2L (userEmail_46@gmail.com)','w2P2Ks3a6d@gmail.com','3/1/2','2024-04-19 07:41:05','2024-04-19 07:41:05'),(912,46,911,'0e5eRCkjNY (userEmail_46@gmail.com)','dmXBbdbTGZ@gmail.com','3/1/2/1','2024-04-19 07:41:05','2024-04-19 07:41:05'),(913,46,NULL,'Puu3vVuYo1 (userEmail_46@gmail.com)','U9rfun2YRn@gmail.com','4/1','2024-04-19 07:41:05','2024-04-19 07:41:05'),(914,46,913,'XZfjPmplA1 (userEmail_46@gmail.com)','8DnVTkrKII@gmail.com','4/1/1','2024-04-19 07:41:05','2024-04-19 07:41:05'),(915,46,913,'nVWPHWL8U4 (userEmail_46@gmail.com)','yDCxQnEfIj@gmail.com','4/1/2','2024-04-19 07:41:05','2024-04-19 07:41:05'),(916,46,915,'POsZbSLwvF (userEmail_46@gmail.com)','t7ZlLlDIAe@gmail.com','4/1/2/1','2024-04-19 07:41:05','2024-04-19 07:41:05'),(917,46,NULL,'HRD7IFp7yh (userEmail_46@gmail.com)','U3JOB48GVe@gmail.com','5/1','2024-04-19 07:41:05','2024-04-19 07:41:05'),(918,46,917,'J0Xn2JiUMo (userEmail_46@gmail.com)','bwyRYckIlM@gmail.com','5/1/1','2024-04-19 07:41:05','2024-04-19 07:41:05'),(919,46,917,'qsWABDtC1B (userEmail_46@gmail.com)','X8reFCS5JS@gmail.com','5/1/2','2024-04-19 07:41:05','2024-04-19 07:41:05'),(920,46,919,'QK2IItaysx (userEmail_46@gmail.com)','sz3B8vok5s@gmail.com','5/1/2/1','2024-04-19 07:41:05','2024-04-19 07:41:05'),(921,47,NULL,'6yxjytps5O (userEmail_47@gmail.com)','e70dFWQG9v@gmail.com','1/1','2024-04-19 07:41:05','2024-04-19 07:41:05'),(922,47,921,'TYRJeCOcNZ (userEmail_47@gmail.com)','3w2aPu5jnx@gmail.com','1/1/1','2024-04-19 07:41:05','2024-04-19 07:41:05'),(923,47,921,'ZTHUZ15xgB (userEmail_47@gmail.com)','9q5NXL5JxU@gmail.com','1/1/2','2024-04-19 07:41:05','2024-04-19 07:41:05'),(924,47,923,'Pf50QSM0oi (userEmail_47@gmail.com)','7TPKn3qBB4@gmail.com','1/1/2/1','2024-04-19 07:41:05','2024-04-19 07:41:05'),(925,47,NULL,'rT72Ok1vs1 (userEmail_47@gmail.com)','FWOph2ofpD@gmail.com','2/1','2024-04-19 07:41:05','2024-04-19 07:41:05'),(926,47,925,'K49xJbVEBP (userEmail_47@gmail.com)','BYfzslsT4O@gmail.com','2/1/1','2024-04-19 07:41:05','2024-04-19 07:41:05'),(927,47,925,'ArdmYwHf31 (userEmail_47@gmail.com)','mzBHyv1glg@gmail.com','2/1/2','2024-04-19 07:41:05','2024-04-19 07:41:05'),(928,47,927,'nQJn1WRZWC (userEmail_47@gmail.com)','hfznLfBvg3@gmail.com','2/1/2/1','2024-04-19 07:41:05','2024-04-19 07:41:05'),(929,47,NULL,'kCelJNz8L7 (userEmail_47@gmail.com)','pnsSwutvqd@gmail.com','3/1','2024-04-19 07:41:05','2024-04-19 07:41:05'),(930,47,929,'fo1P4JWWRX (userEmail_47@gmail.com)','bx4WFTHZTL@gmail.com','3/1/1','2024-04-19 07:41:05','2024-04-19 07:41:05'),(931,47,929,'hkpTFThHo5 (userEmail_47@gmail.com)','pbMy6Cvu20@gmail.com','3/1/2','2024-04-19 07:41:05','2024-04-19 07:41:05'),(932,47,931,'qMjDEoKzEP (userEmail_47@gmail.com)','fAxmZU0keI@gmail.com','3/1/2/1','2024-04-19 07:41:05','2024-04-19 07:41:05'),(933,47,NULL,'CMrIbxzxSm (userEmail_47@gmail.com)','HfTNHaNOw3@gmail.com','4/1','2024-04-19 07:41:05','2024-04-19 07:41:05'),(934,47,933,'67HZjo6r1q (userEmail_47@gmail.com)','lgTfeRKLX8@gmail.com','4/1/1','2024-04-19 07:41:05','2024-04-19 07:41:05'),(935,47,933,'vexcuD20eN (userEmail_47@gmail.com)','tvhTJSEwR5@gmail.com','4/1/2','2024-04-19 07:41:05','2024-04-19 07:41:05'),(936,47,935,'dPhy3YdCsb (userEmail_47@gmail.com)','XjqrSd5DHc@gmail.com','4/1/2/1','2024-04-19 07:41:05','2024-04-19 07:41:05'),(937,47,NULL,'N206cTzxV9 (userEmail_47@gmail.com)','MW7Q16GQe6@gmail.com','5/1','2024-04-19 07:41:05','2024-04-19 07:41:05'),(938,47,937,'VSohAMQy3w (userEmail_47@gmail.com)','hoeMqlBD0p@gmail.com','5/1/1','2024-04-19 07:41:05','2024-04-19 07:41:05'),(939,47,937,'ufg7cMLT0P (userEmail_47@gmail.com)','WvcOoAUsc3@gmail.com','5/1/2','2024-04-19 07:41:05','2024-04-19 07:41:05'),(940,47,939,'sxME1qKIlP (userEmail_47@gmail.com)','8CmwES7ssH@gmail.com','5/1/2/1','2024-04-19 07:41:05','2024-04-19 07:41:05'),(941,48,NULL,'cFQwsss9TA (userEmail_48@gmail.com)','A6tpyvyTHZ@gmail.com','1/1','2024-04-19 07:41:05','2024-04-19 07:41:05'),(942,48,941,'WWSBV4jYXA (userEmail_48@gmail.com)','A2mylqriXn@gmail.com','1/1/1','2024-04-19 07:41:05','2024-04-19 07:41:05'),(943,48,941,'QAcTWiP7zT (userEmail_48@gmail.com)','A6RftVPn17@gmail.com','1/1/2','2024-04-19 07:41:05','2024-04-19 07:41:05'),(944,48,943,'ljWhQuyfAu (userEmail_48@gmail.com)','qPMuqX174x@gmail.com','1/1/2/1','2024-04-19 07:41:05','2024-04-19 07:41:05'),(945,48,NULL,'piI8uF84En (userEmail_48@gmail.com)','QgD0iZmRnD@gmail.com','2/1','2024-04-19 07:41:05','2024-04-19 07:41:05'),(946,48,945,'FLSRzeGSC0 (userEmail_48@gmail.com)','DbpkgRWIBL@gmail.com','2/1/1','2024-04-19 07:41:05','2024-04-19 07:41:05'),(947,48,945,'sixT7LcitX (userEmail_48@gmail.com)','1DkRsAOXwm@gmail.com','2/1/2','2024-04-19 07:41:05','2024-04-19 07:41:05'),(948,48,947,'BNbTpahG3t (userEmail_48@gmail.com)','35qZuQLCPy@gmail.com','2/1/2/1','2024-04-19 07:41:05','2024-04-19 07:41:05'),(949,48,NULL,'9YjlsqjrJ4 (userEmail_48@gmail.com)','lJJjL7AxnN@gmail.com','3/1','2024-04-19 07:41:05','2024-04-19 07:41:05'),(950,48,949,'9kCmsqBvwI (userEmail_48@gmail.com)','27Ks5SDF9E@gmail.com','3/1/1','2024-04-19 07:41:05','2024-04-19 07:41:05'),(951,48,949,'CPxkEirwkF (userEmail_48@gmail.com)','FzSCX6us2G@gmail.com','3/1/2','2024-04-19 07:41:05','2024-04-19 07:41:05'),(952,48,951,'wxOPdNJTID (userEmail_48@gmail.com)','r4Io2MwgxS@gmail.com','3/1/2/1','2024-04-19 07:41:05','2024-04-19 07:41:05'),(953,48,NULL,'XIbSTiT1Fd (userEmail_48@gmail.com)','Yw6nYmzznt@gmail.com','4/1','2024-04-19 07:41:05','2024-04-19 07:41:05'),(954,48,953,'FAjJSR2uoO (userEmail_48@gmail.com)','XPS9hDFROz@gmail.com','4/1/1','2024-04-19 07:41:05','2024-04-19 07:41:05'),(955,48,953,'hNC2TlpS5b (userEmail_48@gmail.com)','iuXHEx0sUQ@gmail.com','4/1/2','2024-04-19 07:41:05','2024-04-19 07:41:05'),(956,48,955,'RquXfQfpXT (userEmail_48@gmail.com)','w2t77rEemg@gmail.com','4/1/2/1','2024-04-19 07:41:05','2024-04-19 07:41:05'),(957,48,NULL,'4CKhDJgFVE (userEmail_48@gmail.com)','EaWJLgVVGD@gmail.com','5/1','2024-04-19 07:41:05','2024-04-19 07:41:05'),(958,48,957,'Hiuuj2xPun (userEmail_48@gmail.com)','bkRaJ4cyye@gmail.com','5/1/1','2024-04-19 07:41:05','2024-04-19 07:41:05'),(959,48,957,'wwGskczLL2 (userEmail_48@gmail.com)','D8OMQRYo9S@gmail.com','5/1/2','2024-04-19 07:41:05','2024-04-19 07:41:05'),(960,48,959,'SNBCIq6gLH (userEmail_48@gmail.com)','U5oXbjccGr@gmail.com','5/1/2/1','2024-04-19 07:41:05','2024-04-19 07:41:05'),(961,49,NULL,'4bwjAQ6ToR (userEmail_49@gmail.com)','DiZ6A7dKf0@gmail.com','1/1','2024-04-19 07:41:05','2024-04-19 07:41:05'),(962,49,961,'cEzXICfxCM (userEmail_49@gmail.com)','fXVSCwWv1w@gmail.com','1/1/1','2024-04-19 07:41:05','2024-04-19 07:41:05'),(963,49,961,'cGEczJ15DT (userEmail_49@gmail.com)','j2r97ai145@gmail.com','1/1/2','2024-04-19 07:41:05','2024-04-19 07:41:05'),(964,49,963,'38GSBZ21iR (userEmail_49@gmail.com)','ta4xIFYiOe@gmail.com','1/1/2/1','2024-04-19 07:41:05','2024-04-19 07:41:05'),(965,49,NULL,'3VuEd1Mc1P (userEmail_49@gmail.com)','XAIzYMMLMP@gmail.com','2/1','2024-04-19 07:41:05','2024-04-19 07:41:05'),(966,49,965,'04aB5pN2Zi (userEmail_49@gmail.com)','cHkl3tw0bH@gmail.com','2/1/1','2024-04-19 07:41:05','2024-04-19 07:41:05'),(967,49,965,'tHwpvVZUy2 (userEmail_49@gmail.com)','K1y793xCOa@gmail.com','2/1/2','2024-04-19 07:41:05','2024-04-19 07:41:05'),(968,49,967,'FZBzy5euHa (userEmail_49@gmail.com)','BbzorztxG5@gmail.com','2/1/2/1','2024-04-19 07:41:05','2024-04-19 07:41:05'),(969,49,NULL,'oBrSecY7hW (userEmail_49@gmail.com)','8u0BlObtrI@gmail.com','3/1','2024-04-19 07:41:05','2024-04-19 07:41:05'),(970,49,969,'F2L9o82Npv (userEmail_49@gmail.com)','YDnxWgsjhf@gmail.com','3/1/1','2024-04-19 07:41:05','2024-04-19 07:41:05'),(971,49,969,'NjBM68M9Pm (userEmail_49@gmail.com)','SRQopXjudG@gmail.com','3/1/2','2024-04-19 07:41:05','2024-04-19 07:41:05'),(972,49,971,'YRmmVwrK3Z (userEmail_49@gmail.com)','MQQaVq0y2c@gmail.com','3/1/2/1','2024-04-19 07:41:05','2024-04-19 07:41:05'),(973,49,NULL,'LEUFDVtRMz (userEmail_49@gmail.com)','r8xjjORizw@gmail.com','4/1','2024-04-19 07:41:05','2024-04-19 07:41:05'),(974,49,973,'QLe4lzQ79f (userEmail_49@gmail.com)','pW26dvGknA@gmail.com','4/1/1','2024-04-19 07:41:05','2024-04-19 07:41:05'),(975,49,973,'3P60PWdLaw (userEmail_49@gmail.com)','6XcrD8EYWG@gmail.com','4/1/2','2024-04-19 07:41:05','2024-04-19 07:41:05'),(976,49,975,'y2xH9Z63Mp (userEmail_49@gmail.com)','GipwhGh4sf@gmail.com','4/1/2/1','2024-04-19 07:41:05','2024-04-19 07:41:05'),(977,49,NULL,'j4h06QLp6T (userEmail_49@gmail.com)','QZjPjpbmFi@gmail.com','5/1','2024-04-19 07:41:05','2024-04-19 07:41:05'),(978,49,977,'IwXpldwaDX (userEmail_49@gmail.com)','i8Evj55Dsd@gmail.com','5/1/1','2024-04-19 07:41:05','2024-04-19 07:41:05'),(979,49,977,'kuQDTUtklj (userEmail_49@gmail.com)','NT1a3JSDJ6@gmail.com','5/1/2','2024-04-19 07:41:05','2024-04-19 07:41:05'),(980,49,979,'UZlTQIdl5P (userEmail_49@gmail.com)','jv5ATX9gbW@gmail.com','5/1/2/1','2024-04-19 07:41:05','2024-04-19 07:41:05'),(981,50,NULL,'0OkFAgeuB5 (userEmail_50@gmail.com)','v3COSB8Rfg@gmail.com','1/1','2024-04-19 07:41:05','2024-04-19 07:41:05'),(982,50,981,'Z0V9GGLlsD (userEmail_50@gmail.com)','mruR44kkt5@gmail.com','1/1/1','2024-04-19 07:41:05','2024-04-19 07:41:05'),(983,50,981,'FC6KsPBkrY (userEmail_50@gmail.com)','eGrZtdpOfV@gmail.com','1/1/2','2024-04-19 07:41:05','2024-04-19 07:41:05'),(984,50,983,'bIaK5fJLgx (userEmail_50@gmail.com)','79r1PeogsW@gmail.com','1/1/2/1','2024-04-19 07:41:05','2024-04-19 07:41:05'),(985,50,NULL,'puNCrq4VB3 (userEmail_50@gmail.com)','jVPSV57qBW@gmail.com','2/1','2024-04-19 07:41:05','2024-04-19 07:41:05'),(986,50,985,'SJQ8a0izG1 (userEmail_50@gmail.com)','DjF8zw7Yt0@gmail.com','2/1/1','2024-04-19 07:41:05','2024-04-19 07:41:05'),(987,50,985,'qBm0FFv8ou (userEmail_50@gmail.com)','AxFIQB0wKF@gmail.com','2/1/2','2024-04-19 07:41:05','2024-04-19 07:41:05'),(988,50,987,'6gsHAinkht (userEmail_50@gmail.com)','xXO4ctBq2g@gmail.com','2/1/2/1','2024-04-19 07:41:06','2024-04-19 07:41:06'),(989,50,NULL,'Q9SPrEDDag (userEmail_50@gmail.com)','gWS59J1MVN@gmail.com','3/1','2024-04-19 07:41:06','2024-04-19 07:41:06'),(990,50,989,'QykNNDhSrk (userEmail_50@gmail.com)','grtGg1L6vQ@gmail.com','3/1/1','2024-04-19 07:41:06','2024-04-19 07:41:06'),(991,50,989,'o2CpVOltfl (userEmail_50@gmail.com)','6hKWmd8X3C@gmail.com','3/1/2','2024-04-19 07:41:06','2024-04-19 07:41:06'),(992,50,991,'syUGgHvhOY (userEmail_50@gmail.com)','Mk4gtGOuIZ@gmail.com','3/1/2/1','2024-04-19 07:41:06','2024-04-19 07:41:06'),(993,50,NULL,'FA4LA9a9Ii (userEmail_50@gmail.com)','dTzVHUYQGZ@gmail.com','4/1','2024-04-19 07:41:06','2024-04-19 07:41:06'),(994,50,993,'MqnjbY6pqu (userEmail_50@gmail.com)','3FXQOBsv4m@gmail.com','4/1/1','2024-04-19 07:41:06','2024-04-19 07:41:06'),(995,50,993,'5s1yodcbCC (userEmail_50@gmail.com)','uzh63Gy9xo@gmail.com','4/1/2','2024-04-19 07:41:06','2024-04-19 07:41:06'),(996,50,995,'GlTus5Z1i3 (userEmail_50@gmail.com)','MRmir3p0Qq@gmail.com','4/1/2/1','2024-04-19 07:41:06','2024-04-19 07:41:06'),(997,50,NULL,'KmAzec68fa (userEmail_50@gmail.com)','aDhjvHNHIB@gmail.com','5/1','2024-04-19 07:41:06','2024-04-19 07:41:06'),(998,50,997,'YV3pKeB5dZ (userEmail_50@gmail.com)','JzD4Tk22gW@gmail.com','5/1/1','2024-04-19 07:41:06','2024-04-19 07:41:06'),(999,50,997,'0aaO68VwX1 (userEmail_50@gmail.com)','wtCSdto71H@gmail.com','5/1/2','2024-04-19 07:41:06','2024-04-19 07:41:06'),(1000,50,999,'Aja2cOOECc (userEmail_50@gmail.com)','lApw4jC0tw@gmail.com','5/1/2/1','2024-04-19 07:41:06','2024-04-19 07:41:06');
/*!40000 ALTER TABLE `comments` ENABLE KEYS */;
UNLOCK TABLES;

--
-- Table structure for table `failed_jobs`
--

DROP TABLE IF EXISTS `failed_jobs`;
/*!40101 SET @saved_cs_client     = @@character_set_client */;
/*!50503 SET character_set_client = utf8mb4 */;
CREATE TABLE `failed_jobs` (
  `id` bigint unsigned NOT NULL AUTO_INCREMENT,
  `uuid` varchar(255) COLLATE utf8mb4_unicode_ci NOT NULL,
  `connection` text COLLATE utf8mb4_unicode_ci NOT NULL,
  `queue` text COLLATE utf8mb4_unicode_ci NOT NULL,
  `payload` longtext COLLATE utf8mb4_unicode_ci NOT NULL,
  `exception` longtext COLLATE utf8mb4_unicode_ci NOT NULL,
  `failed_at` timestamp NOT NULL DEFAULT CURRENT_TIMESTAMP,
  PRIMARY KEY (`id`),
  UNIQUE KEY `failed_jobs_uuid_unique` (`uuid`)
) ENGINE=InnoDB DEFAULT CHARSET=utf8mb4 COLLATE=utf8mb4_unicode_ci;
/*!40101 SET character_set_client = @saved_cs_client */;

--
-- Dumping data for table `failed_jobs`
--

LOCK TABLES `failed_jobs` WRITE;
/*!40000 ALTER TABLE `failed_jobs` DISABLE KEYS */;
/*!40000 ALTER TABLE `failed_jobs` ENABLE KEYS */;
UNLOCK TABLES;

--
-- Table structure for table `files`
--

DROP TABLE IF EXISTS `files`;
/*!40101 SET @saved_cs_client     = @@character_set_client */;
/*!50503 SET character_set_client = utf8mb4 */;
CREATE TABLE `files` (
  `id` bigint unsigned NOT NULL AUTO_INCREMENT,
  `comment_id` bigint unsigned NOT NULL,
  `path` varchar(255) COLLATE utf8mb4_unicode_ci NOT NULL,
  `name` varchar(255) COLLATE utf8mb4_unicode_ci NOT NULL,
  `created_at` timestamp NULL DEFAULT NULL,
  `updated_at` timestamp NULL DEFAULT NULL,
  PRIMARY KEY (`id`),
  KEY `files_comment_id_foreign` (`comment_id`),
  CONSTRAINT `files_comment_id_foreign` FOREIGN KEY (`comment_id`) REFERENCES `comments` (`id`) ON DELETE CASCADE
) ENGINE=InnoDB DEFAULT CHARSET=utf8mb4 COLLATE=utf8mb4_unicode_ci;
/*!40101 SET character_set_client = @saved_cs_client */;

--
-- Dumping data for table `files`
--

LOCK TABLES `files` WRITE;
/*!40000 ALTER TABLE `files` DISABLE KEYS */;
/*!40000 ALTER TABLE `files` ENABLE KEYS */;
UNLOCK TABLES;

--
-- Table structure for table `migrations`
--

DROP TABLE IF EXISTS `migrations`;
/*!40101 SET @saved_cs_client     = @@character_set_client */;
/*!50503 SET character_set_client = utf8mb4 */;
CREATE TABLE `migrations` (
  `id` int unsigned NOT NULL AUTO_INCREMENT,
  `migration` varchar(255) COLLATE utf8mb4_unicode_ci NOT NULL,
  `batch` int NOT NULL,
  PRIMARY KEY (`id`)
) ENGINE=InnoDB AUTO_INCREMENT=7 DEFAULT CHARSET=utf8mb4 COLLATE=utf8mb4_unicode_ci;
/*!40101 SET character_set_client = @saved_cs_client */;

--
-- Dumping data for table `migrations`
--

LOCK TABLES `migrations` WRITE;
/*!40000 ALTER TABLE `migrations` DISABLE KEYS */;
INSERT INTO `migrations` VALUES (1,'2014_10_12_000000_create_users_table',1),(2,'2014_10_12_100000_create_password_reset_tokens_table',1),(3,'2019_08_19_000000_create_failed_jobs_table',1),(4,'2019_12_14_000001_create_personal_access_tokens_table',1),(5,'2024_04_17_183227_create_comments_table',1),(6,'2024_04_17_183248_create_files_table',1);
/*!40000 ALTER TABLE `migrations` ENABLE KEYS */;
UNLOCK TABLES;

--
-- Table structure for table `password_reset_tokens`
--

DROP TABLE IF EXISTS `password_reset_tokens`;
/*!40101 SET @saved_cs_client     = @@character_set_client */;
/*!50503 SET character_set_client = utf8mb4 */;
CREATE TABLE `password_reset_tokens` (
  `email` varchar(255) COLLATE utf8mb4_unicode_ci NOT NULL,
  `token` varchar(255) COLLATE utf8mb4_unicode_ci NOT NULL,
  `created_at` timestamp NULL DEFAULT NULL,
  PRIMARY KEY (`email`)
) ENGINE=InnoDB DEFAULT CHARSET=utf8mb4 COLLATE=utf8mb4_unicode_ci;
/*!40101 SET character_set_client = @saved_cs_client */;

--
-- Dumping data for table `password_reset_tokens`
--

LOCK TABLES `password_reset_tokens` WRITE;
/*!40000 ALTER TABLE `password_reset_tokens` DISABLE KEYS */;
/*!40000 ALTER TABLE `password_reset_tokens` ENABLE KEYS */;
UNLOCK TABLES;

--
-- Table structure for table `personal_access_tokens`
--

DROP TABLE IF EXISTS `personal_access_tokens`;
/*!40101 SET @saved_cs_client     = @@character_set_client */;
/*!50503 SET character_set_client = utf8mb4 */;
CREATE TABLE `personal_access_tokens` (
  `id` bigint unsigned NOT NULL AUTO_INCREMENT,
  `tokenable_type` varchar(255) COLLATE utf8mb4_unicode_ci NOT NULL,
  `tokenable_id` bigint unsigned NOT NULL,
  `name` varchar(255) COLLATE utf8mb4_unicode_ci NOT NULL,
  `token` varchar(64) COLLATE utf8mb4_unicode_ci NOT NULL,
  `abilities` text COLLATE utf8mb4_unicode_ci,
  `last_used_at` timestamp NULL DEFAULT NULL,
  `expires_at` timestamp NULL DEFAULT NULL,
  `created_at` timestamp NULL DEFAULT NULL,
  `updated_at` timestamp NULL DEFAULT NULL,
  PRIMARY KEY (`id`),
  UNIQUE KEY `personal_access_tokens_token_unique` (`token`),
  KEY `personal_access_tokens_tokenable_type_tokenable_id_index` (`tokenable_type`,`tokenable_id`)
) ENGINE=InnoDB DEFAULT CHARSET=utf8mb4 COLLATE=utf8mb4_unicode_ci;
/*!40101 SET character_set_client = @saved_cs_client */;

--
-- Dumping data for table `personal_access_tokens`
--

LOCK TABLES `personal_access_tokens` WRITE;
/*!40000 ALTER TABLE `personal_access_tokens` DISABLE KEYS */;
/*!40000 ALTER TABLE `personal_access_tokens` ENABLE KEYS */;
UNLOCK TABLES;

--
-- Table structure for table `users`
--

DROP TABLE IF EXISTS `users`;
/*!40101 SET @saved_cs_client     = @@character_set_client */;
/*!50503 SET character_set_client = utf8mb4 */;
CREATE TABLE `users` (
  `id` bigint unsigned NOT NULL AUTO_INCREMENT,
  `email` varchar(255) COLLATE utf8mb4_unicode_ci NOT NULL,
  `created_at` timestamp NULL DEFAULT NULL,
  `updated_at` timestamp NULL DEFAULT NULL,
  PRIMARY KEY (`id`),
  UNIQUE KEY `users_email_unique` (`email`)
) ENGINE=InnoDB AUTO_INCREMENT=51 DEFAULT CHARSET=utf8mb4 COLLATE=utf8mb4_unicode_ci;
/*!40101 SET character_set_client = @saved_cs_client */;

--
-- Dumping data for table `users`
--

LOCK TABLES `users` WRITE;
/*!40000 ALTER TABLE `users` DISABLE KEYS */;
INSERT INTO `users` VALUES (1,'userEmail_1@gmail.com','2024-04-19 07:40:54','2024-04-19 07:40:54'),(2,'userEmail_2@gmail.com','2024-04-19 07:40:55','2024-04-19 07:40:55'),(3,'userEmail_3@gmail.com','2024-04-19 07:40:55','2024-04-19 07:40:55'),(4,'userEmail_4@gmail.com','2024-04-19 07:40:55','2024-04-19 07:40:55'),(5,'userEmail_5@gmail.com','2024-04-19 07:40:55','2024-04-19 07:40:55'),(6,'userEmail_6@gmail.com','2024-04-19 07:40:55','2024-04-19 07:40:55'),(7,'userEmail_7@gmail.com','2024-04-19 07:40:56','2024-04-19 07:40:56'),(8,'userEmail_8@gmail.com','2024-04-19 07:40:56','2024-04-19 07:40:56'),(9,'userEmail_9@gmail.com','2024-04-19 07:40:56','2024-04-19 07:40:56'),(10,'userEmail_10@gmail.com','2024-04-19 07:40:56','2024-04-19 07:40:56'),(11,'userEmail_11@gmail.com','2024-04-19 07:40:57','2024-04-19 07:40:57'),(12,'userEmail_12@gmail.com','2024-04-19 07:40:57','2024-04-19 07:40:57'),(13,'userEmail_13@gmail.com','2024-04-19 07:40:57','2024-04-19 07:40:57'),(14,'userEmail_14@gmail.com','2024-04-19 07:40:57','2024-04-19 07:40:57'),(15,'userEmail_15@gmail.com','2024-04-19 07:40:58','2024-04-19 07:40:58'),(16,'userEmail_16@gmail.com','2024-04-19 07:40:58','2024-04-19 07:40:58'),(17,'userEmail_17@gmail.com','2024-04-19 07:40:58','2024-04-19 07:40:58'),(18,'userEmail_18@gmail.com','2024-04-19 07:40:58','2024-04-19 07:40:58'),(19,'userEmail_19@gmail.com','2024-04-19 07:40:58','2024-04-19 07:40:58'),(20,'userEmail_20@gmail.com','2024-04-19 07:40:59','2024-04-19 07:40:59'),(21,'userEmail_21@gmail.com','2024-04-19 07:40:59','2024-04-19 07:40:59'),(22,'userEmail_22@gmail.com','2024-04-19 07:40:59','2024-04-19 07:40:59'),(23,'userEmail_23@gmail.com','2024-04-19 07:40:59','2024-04-19 07:40:59'),(24,'userEmail_24@gmail.com','2024-04-19 07:41:00','2024-04-19 07:41:00'),(25,'userEmail_25@gmail.com','2024-04-19 07:41:00','2024-04-19 07:41:00'),(26,'userEmail_26@gmail.com','2024-04-19 07:41:00','2024-04-19 07:41:00'),(27,'userEmail_27@gmail.com','2024-04-19 07:41:00','2024-04-19 07:41:00'),(28,'userEmail_28@gmail.com','2024-04-19 07:41:00','2024-04-19 07:41:00'),(29,'userEmail_29@gmail.com','2024-04-19 07:41:01','2024-04-19 07:41:01'),(30,'userEmail_30@gmail.com','2024-04-19 07:41:01','2024-04-19 07:41:01'),(31,'userEmail_31@gmail.com','2024-04-19 07:41:01','2024-04-19 07:41:01'),(32,'userEmail_32@gmail.com','2024-04-19 07:41:01','2024-04-19 07:41:01'),(33,'userEmail_33@gmail.com','2024-04-19 07:41:02','2024-04-19 07:41:02'),(34,'userEmail_34@gmail.com','2024-04-19 07:41:02','2024-04-19 07:41:02'),(35,'userEmail_35@gmail.com','2024-04-19 07:41:02','2024-04-19 07:41:02'),(36,'userEmail_36@gmail.com','2024-04-19 07:41:02','2024-04-19 07:41:02'),(37,'userEmail_37@gmail.com','2024-04-19 07:41:03','2024-04-19 07:41:03'),(38,'userEmail_38@gmail.com','2024-04-19 07:41:03','2024-04-19 07:41:03'),(39,'userEmail_39@gmail.com','2024-04-19 07:41:03','2024-04-19 07:41:03'),(40,'userEmail_40@gmail.com','2024-04-19 07:41:03','2024-04-19 07:41:03'),(41,'userEmail_41@gmail.com','2024-04-19 07:41:03','2024-04-19 07:41:03'),(42,'userEmail_42@gmail.com','2024-04-19 07:41:04','2024-04-19 07:41:04'),(43,'userEmail_43@gmail.com','2024-04-19 07:41:04','2024-04-19 07:41:04'),(44,'userEmail_44@gmail.com','2024-04-19 07:41:04','2024-04-19 07:41:04'),(45,'userEmail_45@gmail.com','2024-04-19 07:41:04','2024-04-19 07:41:04'),(46,'userEmail_46@gmail.com','2024-04-19 07:41:05','2024-04-19 07:41:05'),(47,'userEmail_47@gmail.com','2024-04-19 07:41:05','2024-04-19 07:41:05'),(48,'userEmail_48@gmail.com','2024-04-19 07:41:05','2024-04-19 07:41:05'),(49,'userEmail_49@gmail.com','2024-04-19 07:41:05','2024-04-19 07:41:05'),(50,'userEmail_50@gmail.com','2024-04-19 07:41:05','2024-04-19 07:41:05');
/*!40000 ALTER TABLE `users` ENABLE KEYS */;
UNLOCK TABLES;
/*!40103 SET TIME_ZONE=@OLD_TIME_ZONE */;

/*!40101 SET SQL_MODE=@OLD_SQL_MODE */;
/*!40014 SET FOREIGN_KEY_CHECKS=@OLD_FOREIGN_KEY_CHECKS */;
/*!40014 SET UNIQUE_CHECKS=@OLD_UNIQUE_CHECKS */;
/*!40101 SET CHARACTER_SET_CLIENT=@OLD_CHARACTER_SET_CLIENT */;
/*!40101 SET CHARACTER_SET_RESULTS=@OLD_CHARACTER_SET_RESULTS */;
/*!40101 SET COLLATION_CONNECTION=@OLD_COLLATION_CONNECTION */;
/*!40111 SET SQL_NOTES=@OLD_SQL_NOTES */;

-- Dump completed on 2024-04-19 11:20:40
